Symbol,Company Name,Industry,Index,Sector
360ONE.NS,360 ONE WAM Ltd.,Financial Services,"['NIFTY500', 'NIFTY200', 'NIFTYTOTALMARKET', 'NIFTYMIDCAP150']",[]
3MINDIA.NS,3M India Ltd.,Diversified,"['NIFTY500', 'NIFTYTOTALMARKET', 'NIFTYMIDCAP150']",[]
AADHARHFC.NS,Aadhar Housing Finance Ltd.,Financial Services,"['NIFTY500', 'NIFTYTOTALMARKET', 'NIFTYSMALLCAP100']",[]
AARTIDRUGS.NS,Aarti Drugs Ltd.,Healthcare,['NIFTYTOTALMARKET'],[]
AARTIIND.NS,Aarti Industries Ltd.,Chemicals,"['NIFTY500', 'NIFTYTOTALMARKET', 'NIFTYSMALLCAP100']",['NIFTY_CHEMICALS']
AARTIPHARM.NS,Aarti Pharmalabs Ltd.,Healthcare,['NIFTYTOTALMARKET'],[]
AAVAS.NS,Aavas Financiers Ltd.,Financial Services,"['NIFTY500', 'NIFTYTOTALMARKET']",[]
ABB.NS,ABB India Ltd.,Capital Goods,"['NIFTY200', 'NIFTY100', 'NIFTYTOTALMARKET', 'NIFTYNEXT50', 'NIFTY500']",[]
ABBOTINDIA.NS,Abbott India Ltd.,Healthcare,"['NIFTY500', 'NIFTYTOTALMARKET', 'NIFTYMIDCAP150']","['NIFTY_HEALTHCARE', 'NIFTY_PHARMA']"
ABCAPITAL.NS,Aditya Birla Capital Ltd.,Financial Services,"['NIFTY500', 'NIFTY200', 'NIFTYTOTALMARKET', 'NIFTYMIDCAP150']",[]
ABDL.NS,Allied Blenders and Distillers Ltd.,Fast Moving Consumer Goods,['NIFTYTOTALMARKET'],[]
ABFRL.NS,Aditya Birla Fashion and Retail Ltd.,Consumer Services,"['NIFTY500', 'NIFTYTOTALMARKET']",[]
ABLBL.NS,Aditya Birla Lifestyle Brands Ltd.,Consumer Services,"['NIFTY500', 'NIFTYTOTALMARKET']",[]
ABREL.NS,Aditya Birla Real Estate Ltd.,Forest Materials,"['NIFTY500', 'NIFTYTOTALMARKET', 'NIFTYSMALLCAP100']",[]
ABSLAMC.NS,Aditya Birla Sun Life AMC Ltd.,Financial Services,"['NIFTY500', 'NIFTYTOTALMARKET']",[]
ACC.NS,ACC Ltd.,Construction Materials,"['NIFTY500', 'NIFTY200', 'NIFTYTOTALMARKET', 'NIFTYMIDCAP150']",['NIFTY_CEMENT']
ACE.NS,Action Construction Equipment Ltd.,Capital Goods,"['NIFTY500', 'NIFTYTOTALMARKET']",[]
ACI.NS,Archean Chemical Industries Ltd.,Chemicals,['NIFTYTOTALMARKET'],[]
ACMESOLAR.NS,ACME Solar Holdings Ltd.,Power,"['NIFTY500', 'NIFTYTOTALMARKET']",[]
ACUTAAS.NS,Acutaas Chemicals Ltd.,Healthcare,['NIFTYTOTALMARKET'],[]
ADANIENSOL.NS,Adani Energy Solutions Ltd.,Power,"['NIFTY200', 'NIFTY100', 'NIFTYTOTALMARKET', 'NIFTYNEXT50', 'NIFTY500']",[]
ADANIENT.NS,Adani Enterprises Ltd.,Metals & Mining,"['NIFTY200', 'NIFTY50', 'NIFTY100', 'NIFTYTOTALMARKET', 'NIFTY500']",['NIFTY_METAL']
ADANIGREEN.NS,Adani Green Energy Ltd.,Power,"['NIFTY200', 'NIFTY100', 'NIFTYTOTALMARKET', 'NIFTYNEXT50', 'NIFTY500']",[]
ADANIPORTS.NS,Adani Ports and Special Economic Zone Ltd.,Services,"['NIFTY200', 'NIFTY50', 'NIFTY100', 'NIFTYTOTALMARKET', 'NIFTY500']",[]
ADANIPOWER.NS,Adani Power Ltd.,Power,"['NIFTY200', 'NIFTY100', 'NIFTYTOTALMARKET', 'NIFTYNEXT50', 'NIFTY500']",[]
ADVENZYMES.NS,Advanced Enzyme Tech Ltd.,Healthcare,['NIFTYTOTALMARKET'],[]
AEGISLOG.NS,Aegis Logistics Ltd.,Oil Gas & Consumable Fuels,"['NIFTY500', 'NIFTYTOTALMARKET', 'NIFTYSMALLCAP100']",['NIFTY_OILANDGAS']
AEGISVOPAK.NS,Aegis Vopak Terminals Ltd.,Oil Gas & Consumable Fuels,"['NIFTY500', 'NIFTYTOTALMARKET', 'NIFTYSMALLCAP100']",[]
AETHER.NS,Aether Industries Ltd.,Chemicals,['NIFTYTOTALMARKET'],[]
AFCONS.NS,Afcons Infrastructure Ltd.,Construction,"['NIFTY500', 'NIFTYTOTALMARKET', 'NIFTYSMALLCAP100']",[]
AFFLE.NS,Affle 3i Ltd.,Information Technology,"['NIFTY500', 'NIFTYTOTALMARKET', 'NIFTYSMALLCAP100']",[]
AGARWALEYE.NS,Dr. Agarwal's Health Care Ltd.,Healthcare,"['NIFTY500', 'NIFTYTOTALMARKET']",[]
AGI.NS,AGI Greenpac Ltd.,Capital Goods,['NIFTYTOTALMARKET'],[]
AHLUCONT.NS,Ahluwalia Contracts (India) Ltd.,Construction,['NIFTYTOTALMARKET'],[]
AIAENG.NS,AIA Engineering Ltd.,Capital Goods,"['NIFTY500', 'NIFTYTOTALMARKET', 'NIFTYMIDCAP150']",[]
AIIL.NS,Authum Investment & Infrastructure Ltd.,Financial Services,"['NIFTY500', 'NIFTYTOTALMARKET']",[]
AJANTPHARM.NS,Ajanta Pharmaceuticals Ltd.,Healthcare,"['NIFTY500', 'NIFTYTOTALMARKET', 'NIFTYMIDCAP150']",['NIFTY_PHARMA']
AJAXENGG.NS,Ajax Engineering Ltd.,Capital Goods,['NIFTYTOTALMARKET'],[]
AKUMS.NS,Akums Drugs and Pharmaceuticals Ltd.,Healthcare,"['NIFTY500', 'NIFTYTOTALMARKET']",[]
AKZOINDIA.NS,Akzo Nobel India Ltd.,Consumer Durables,"['NIFTY500', 'NIFTYTOTALMARKET']",[]
ALIVUS.NS,Alivus Life Sciences Ltd.,Healthcare,['NIFTYTOTALMARKET'],[]
ALKEM.NS,Alkem Laboratories Ltd.,Healthcare,"['NIFTY500', 'NIFTY200', 'NIFTYTOTALMARKET', 'NIFTYMIDCAP150']","['NIFTY_HEALTHCARE', 'NIFTY_PHARMA']"
ALKYLAMINE.NS,Alkyl Amines Chemicals Ltd.,Chemicals,"['NIFTY500', 'NIFTYTOTALMARKET']",[]
ALLCARGO.NS,Allcargo Logistics Ltd.,Services,['NIFTYTOTALMARKET'],[]
ALOKINDS.NS,Alok Industries Ltd.,Textiles,"['NIFTY500', 'NIFTYTOTALMARKET']",[]
AMBER.NS,Amber Enterprises India Ltd.,Consumer Durables,"['NIFTY500', 'NIFTYTOTALMARKET', 'NIFTYSMALLCAP100']",['NIFTY_CONSUMER_DURABLES']
AMBUJACEM.NS,Ambuja Cements Ltd.,Construction Materials,"['NIFTY200', 'NIFTY100', 'NIFTYTOTALMARKET', 'NIFTYNEXT50', 'NIFTY500']",['NIFTY_CEMENT']
ANANDRATHI.NS,Anand Rathi Wealth Ltd.,Financial Services,"['NIFTY500', 'NIFTYTOTALMARKET', 'NIFTYSMALLCAP100']",[]
ANANTRAJ.NS,Anant Raj Ltd.,Realty,"['NIFTY500', 'NIFTYTOTALMARKET', 'NIFTYSMALLCAP100']",['NIFTY_REALTY']
ANGELONE.NS,Angel One Ltd.,Financial Services,"['NIFTY500', 'NIFTYTOTALMARKET', 'NIFTYSMALLCAP100']",[]
ANUP.NS,The Anup Engineering Ltd.,Capital Goods,['NIFTYTOTALMARKET'],[]
ANURAS.NS,Anupam Rasayan India Ltd.,Chemicals,['NIFTYTOTALMARKET'],[]
APARINDS.NS,Apar Industries Ltd.,Capital Goods,"['NIFTY500', 'NIFTYTOTALMARKET', 'NIFTYMIDCAP150']",[]
APLAPOLLO.NS,APL Apollo Tubes Ltd.,Capital Goods,"['NIFTY500', 'NIFTY200', 'NIFTYTOTALMARKET', 'NIFTYMIDCAP150']",['NIFTY_METAL']
APLLTD.NS,Alembic Pharmaceuticals Ltd.,Healthcare,"['NIFTY500', 'NIFTYTOTALMARKET']",[]
APOLLOHOSP.NS,Apollo Hospitals Enterprise Ltd.,Healthcare,"['NIFTY200', 'NIFTY50', 'NIFTY100', 'NIFTYTOTALMARKET', 'NIFTY500']",['NIFTY_HEALTHCARE']
APOLLOTYRE.NS,Apollo Tyres Ltd.,Automobile and Auto Components,"['NIFTY500', 'NIFTYTOTALMARKET', 'NIFTYMIDCAP150']",[]
APTUS.NS,Aptus Value Housing Finance India Ltd.,Financial Services,"['NIFTY500', 'NIFTYTOTALMARKET', 'NIFTYSMALLCAP100']",[]
ARE&M.NS,Amara Raja Energy & Mobility Ltd.,Automobile and Auto Components,"['NIFTY500', 'NIFTYTOTALMARKET', 'NIFTYSMALLCAP100']",[]
ARVIND.NS,Arvind Ltd.,Textiles,['NIFTYTOTALMARKET'],[]
ARVINDFASN.NS,Arvind Fashions Ltd.,Consumer Services,['NIFTYTOTALMARKET'],[]
ASAHIINDIA.NS,Asahi India Glass Ltd.,Automobile and Auto Components,"['NIFTY500', 'NIFTYTOTALMARKET']",[]
ASHOKA.NS,Ashoka Buildcon Ltd.,Construction,['NIFTYTOTALMARKET'],[]
ASHOKLEY.NS,Ashok Leyland Ltd.,Capital Goods,"['NIFTY500', 'NIFTY200', 'NIFTYTOTALMARKET', 'NIFTYMIDCAP150']",['NIFTY_AUTO']
ASIANPAINT.NS,Asian Paints Ltd.,Consumer Durables,"['NIFTY200', 'NIFTY50', 'NIFTY100', 'NIFTYTOTALMARKET', 'NIFTY500']",[]
ASKAUTOLTD.NS,ASK Automotive Ltd.,Automobile and Auto Components,['NIFTYTOTALMARKET'],[]
ASTERDM.NS,Aster DM Healthcare Ltd.,Healthcare,"['NIFTY500', 'NIFTYTOTALMARKET', 'NIFTYSMALLCAP100']",[]
ASTRAL.NS,Astral Ltd.,Capital Goods,"['NIFTY500', 'NIFTY200', 'NIFTYTOTALMARKET', 'NIFTYMIDCAP150']",[]
ASTRAMICRO.NS,Astra Microwave Products Ltd.,Capital Goods,['NIFTYTOTALMARKET'],[]
ASTRAZEN.NS,AstraZenca Pharma India Ltd.,Healthcare,"['NIFTY500', 'NIFTYTOTALMARKET']",[]
ATGL.NS,Adani Total Gas Ltd.,Oil Gas & Consumable Fuels,"['NIFTY500', 'NIFTY200', 'NIFTYTOTALMARKET', 'NIFTYMIDCAP150']",['NIFTY_OILANDGAS']
ATHERENERG.NS,Ather Energy Ltd.,Automobile and Auto Components,"['NIFTY500', 'NIFTYTOTALMARKET']",[]
ATUL.NS,Atul Ltd.,Chemicals,"['NIFTY500', 'NIFTYTOTALMARKET', 'NIFTYSMALLCAP100']",['NIFTY_CHEMICALS']
AUBANK.NS,AU Small Finance Bank Ltd.,Financial Services,"['NIFTY500', 'NIFTY200', 'NIFTYTOTALMARKET', 'NIFTYMIDCAP150']",['NIFTY_BANK']
AURIONPRO.NS,Aurionpro Solution Ltd.,Information Technology,['NIFTYTOTALMARKET'],[]
AUROPHARMA.NS,Aurobindo Pharma Ltd.,Healthcare,"['NIFTY500', 'NIFTY200', 'NIFTYTOTALMARKET', 'NIFTYMIDCAP150']","['NIFTY_HEALTHCARE', 'NIFTY_PHARMA']"
AVALON.NS,Avalon Technologies Ltd.,Capital Goods,['NIFTYTOTALMARKET'],[]
AVANTIFEED.NS,Avanti Feeds Ltd.,Fast Moving Consumer Goods,['NIFTYTOTALMARKET'],[]
AWFIS.NS,Awfis Space Solutions Ltd.,Services,['NIFTYTOTALMARKET'],[]
AWL.NS,AWL Agri Business Ltd.,Fast Moving Consumer Goods,"['NIFTY500', 'NIFTYTOTALMARKET', 'NIFTYMIDCAP150']",[]
AXISBANK.NS,Axis Bank Ltd.,Financial Services,"['NIFTY200', 'NIFTY50', 'NIFTY100', 'NIFTYTOTALMARKET', 'NIFTY500']","['NIFTY_FINANCIAL_SERVICES', 'NIFTY_FINANCIAL_SERVICES25-50LIST', 'NIFTY_PRIVATEBANK', 'NIFTY_BANK']"
AZAD.NS,Azad Engineering Ltd.,Capital Goods,['NIFTYTOTALMARKET'],[]
BAJAJ-AUTO.NS,Bajaj Auto Ltd.,Automobile and Auto Components,"['NIFTY200', 'NIFTY50', 'NIFTY100', 'NIFTYTOTALMARKET', 'NIFTY500']",['NIFTY_AUTO']
BAJAJELEC.NS,Bajaj Electricals Ltd,Consumer Durables,['NIFTYTOTALMARKET'],[]
BAJAJFINSV.NS,Bajaj Finserv Ltd.,Financial Services,"['NIFTY200', 'NIFTY50', 'NIFTY100', 'NIFTYTOTALMARKET', 'NIFTY500']","['NIFTY_FINANCIAL_SERVICES', 'NIFTY_FINANCIAL_SERVICES25-50LIST']"
BAJAJHFL.NS,Bajaj Housing Finance Ltd.,Financial Services,"['NIFTY200', 'NIFTY100', 'NIFTYTOTALMARKET', 'NIFTYNEXT50', 'NIFTY500']",[]
BAJAJHLDNG.NS,Bajaj Holdings & Investment Ltd.,Financial Services,"['NIFTY200', 'NIFTY100', 'NIFTYTOTALMARKET', 'NIFTYNEXT50', 'NIFTY500']",[]
BAJFINANCE.NS,Bajaj Finance Ltd.,Financial Services,"['NIFTY200', 'NIFTY50', 'NIFTY100', 'NIFTYTOTALMARKET', 'NIFTY500']","['NIFTY_FINANCIAL_SERVICES', 'NIFTY_FINANCIAL_SERVICES25-50LIST']"
BALAMINES.NS,Balaji Amines Ltd.,Chemicals,['NIFTYTOTALMARKET'],[]
BALKRISIND.NS,Balkrishna Industries Ltd.,Automobile and Auto Components,"['NIFTY500', 'NIFTYTOTALMARKET', 'NIFTYMIDCAP150']",[]
BALRAMCHIN.NS,Balrampur Chini Mills Ltd.,Fast Moving Consumer Goods,"['NIFTY500', 'NIFTYTOTALMARKET']",[]
BALUFORGE.NS,Balu Forge Industries Ltd.,Capital Goods,['NIFTYTOTALMARKET'],[]
BANCOINDIA.NS,Banco Products (India) Ltd.,Automobile and Auto Components,['NIFTYTOTALMARKET'],[]
BANDHANBNK.NS,Bandhan Bank Ltd.,Financial Services,"['NIFTY500', 'NIFTYTOTALMARKET', 'NIFTYSMALLCAP100']",['NIFTY_PRIVATEBANK']
BANKBARODA.NS,Bank of Baroda,Financial Services,"['NIFTY200', 'NIFTY100', 'NIFTYTOTALMARKET', 'NIFTYNEXT50', 'NIFTY500']","['NIFTY_PSUBANK', 'NIFTY_BANK']"
BANKINDIA.NS,Bank of India,Financial Services,"['NIFTY500', 'NIFTY200', 'NIFTYTOTALMARKET', 'NIFTYMIDCAP150']",['NIFTY_PSUBANK']
BASF.NS,BASF India Ltd.,Chemicals,"['NIFTY500', 'NIFTYTOTALMARKET']",[]
BATAINDIA.NS,Bata India Ltd.,Consumer Durables,"['NIFTY500', 'NIFTYTOTALMARKET']",['NIFTY_CONSUMER_DURABLES']
BAYERCROP.NS,Bayer Cropscience Ltd.,Chemicals,"['NIFTY500', 'NIFTYTOTALMARKET']",['NIFTY_CHEMICALS']
BBL.NS,Bharat Bijlee Ltd.,Capital Goods,['NIFTYTOTALMARKET'],[]
BBTC.NS,Bombay Burmah Trading Corporation Ltd.,Fast Moving Consumer Goods,"['NIFTY500', 'NIFTYTOTALMARKET']",[]
BDL.NS,Bharat Dynamics Ltd.,Capital Goods,"['NIFTY500', 'NIFTY200', 'NIFTYTOTALMARKET', 'NIFTYMIDCAP150']",[]
BECTORFOOD.NS,Mrs. Bectors Food Specialities Ltd.,Fast Moving Consumer Goods,['NIFTYTOTALMARKET'],[]
BEL.NS,Bharat Electronics Ltd.,Capital Goods,"['NIFTY200', 'NIFTY50', 'NIFTY100', 'NIFTYTOTALMARKET', 'NIFTY500']",[]
BELRISE.NS,Belrise Industries Ltd.,Automobile and Auto Components,['NIFTYTOTALMARKET'],[]
BEML.NS,BEML Ltd.,Capital Goods,"['NIFTY500', 'NIFTYTOTALMARKET', 'NIFTYSMALLCAP100']",[]
BERGEPAINT.NS,Berger Paints India Ltd.,Consumer Durables,"['NIFTY500', 'NIFTYTOTALMARKET', 'NIFTYMIDCAP150']",[]
BHARATFORG.NS,Bharat Forge Ltd.,Automobile and Auto Components,"['NIFTY500', 'NIFTY200', 'NIFTYTOTALMARKET', 'NIFTYMIDCAP150']",['NIFTY_AUTO']
BHARTIARTL.NS,Bharti Airtel Ltd.,Telecommunication,"['NIFTY200', 'NIFTY50', 'NIFTY100', 'NIFTYTOTALMARKET', 'NIFTY500']",[]
BHARTIHEXA.NS,Bharti Hexacom Ltd.,Telecommunication,"['NIFTY500', 'NIFTY200', 'NIFTYTOTALMARKET', 'NIFTYMIDCAP150']",[]
BHEL.NS,Bharat Heavy Electricals Ltd.,Capital Goods,"['NIFTY500', 'NIFTY200', 'NIFTYTOTALMARKET', 'NIFTYMIDCAP150']",[]
BIKAJI.NS,Bikaji Foods International Ltd.,Fast Moving Consumer Goods,"['NIFTY500', 'NIFTYTOTALMARKET']",[]
BIOCON.NS,Biocon Ltd.,Healthcare,"['NIFTY500', 'NIFTY200', 'NIFTYTOTALMARKET', 'NIFTYMIDCAP150']","['NIFTY_HEALTHCARE', 'NIFTY_PHARMA']"
BIRLACORPN.NS,Birla Corporation Ltd.,Construction Materials,['NIFTYTOTALMARKET'],['NIFTY_CEMENT']
BLACKBUCK.NS,Blackbuck Ltd.,Services,['NIFTYTOTALMARKET'],[]
BLS.NS,BLS International Services Ltd.,Consumer Services,"['NIFTY500', 'NIFTYTOTALMARKET', 'NIFTYSMALLCAP100']",[]
BLUEDART.NS,Blue Dart Express Ltd.,Services,"['NIFTY500', 'NIFTYTOTALMARKET']",[]
BLUEJET.NS,Blue Jet Healthcare Ltd.,Healthcare,"['NIFTY500', 'NIFTYTOTALMARKET']",[]
BLUESTARCO.NS,Blue Star Ltd.,Consumer Durables,"['NIFTY500', 'NIFTY200', 'NIFTYTOTALMARKET', 'NIFTYMIDCAP150']",['NIFTY_CONSUMER_DURABLES']
BORORENEW.NS,Borosil Renewables Ltd.,Capital Goods,['NIFTYTOTALMARKET'],[]
BOSCH-HCIL.NS,Bosch Home Comfort India Ltd.,Consumer Durables,['NIFTYTOTALMARKET'],[]
BOSCHLTD.NS,Bosch Ltd.,Automobile and Auto Components,"['NIFTY200', 'NIFTY100', 'NIFTYTOTALMARKET', 'NIFTYNEXT50', 'NIFTY500']",['NIFTY_AUTO']
BPCL.NS,Bharat Petroleum Corporation Ltd.,Oil Gas & Consumable Fuels,"['NIFTY200', 'NIFTY100', 'NIFTYTOTALMARKET', 'NIFTYNEXT50', 'NIFTY500']",['NIFTY_OILANDGAS']
BRIGADE.NS,Brigade Enterprises Ltd.,Realty,"['NIFTY500', 'NIFTYTOTALMARKET', 'NIFTYSMALLCAP100']",['NIFTY_REALTY']
BRITANNIA.NS,Britannia Industries Ltd.,Fast Moving Consumer Goods,"['NIFTY200', 'NIFTY100', 'NIFTYTOTALMARKET', 'NIFTYNEXT50', 'NIFTY500']",['NIFTY_FMCG']
BSE.NS,BSE Ltd.,Financial Services,"['NIFTY500', 'NIFTY200', 'NIFTYTOTALMARKET', 'NIFTYMIDCAP150']","['NIFTY_FINANCIAL_SERVICES', 'NIFTY_FINANCIAL_SERVICES25-50LIST']"
BSOFT.NS,Birlasoft Ltd.,Information Technology,"['NIFTY500', 'NIFTYTOTALMARKET']",[]
CAMPUS.NS,Campus Activewear Ltd.,Consumer Durables,"['NIFTY500', 'NIFTYTOTALMARKET']",[]
CAMS.NS,Computer Age Management Services Ltd.,Financial Services,"['NIFTY500', 'NIFTYTOTALMARKET', 'NIFTYSMALLCAP100']",[]
CANBK.NS,Canara Bank,Financial Services,"['NIFTY200', 'NIFTY100', 'NIFTYTOTALMARKET', 'NIFTYNEXT50', 'NIFTY500']","['NIFTY_PSUBANK', 'NIFTY_BANK']"
CANFINHOME.NS,Can Fin Homes Ltd.,Financial Services,"['NIFTY500', 'NIFTYTOTALMARKET']",[]
CAPLIPOINT.NS,Caplin Point Laboratories Ltd.,Healthcare,"['NIFTY500', 'NIFTYTOTALMARKET']",[]
CARBORUNIV.NS,Carborundum Universal Ltd.,Capital Goods,"['NIFTY500', 'NIFTYTOTALMARKET']",[]
CARTRADE.NS,Cartrade Tech Ltd.,Consumer Services,['NIFTYTOTALMARKET'],[]
CASTROLIND.NS,Castrol India Ltd.,Oil Gas & Consumable Fuels,"['NIFTY500', 'NIFTYTOTALMARKET', 'NIFTYSMALLCAP100']",['NIFTY_OILANDGAS']
CCAVENUE.NS,AvenuesAI Ltd.,Financial Services,['NIFTYTOTALMARKET'],[]
CCL.NS,CCL Products (I) Ltd.,Fast Moving Consumer Goods,"['NIFTY500', 'NIFTYTOTALMARKET']",[]
CDSL.NS,Central Depository Services (India) Ltd.,Financial Services,"['NIFTY500', 'NIFTYTOTALMARKET', 'NIFTYSMALLCAP100']",[]
CEATLTD.NS,Ceat Ltd.,Automobile and Auto Components,"['NIFTY500', 'NIFTYTOTALMARKET']",[]
CEIGALL.NS,Ceigall India Ltd.,Construction,['NIFTYTOTALMARKET'],[]
CELLO.NS,Cello World Ltd.,Consumer Durables,['NIFTYTOTALMARKET'],[]
CEMPRO.NS,Cemindia Projects Ltd.,Construction,['NIFTYTOTALMARKET'],[]
CENTRALBK.NS,Central Bank of India,Financial Services,"['NIFTY500', 'NIFTYTOTALMARKET']",['NIFTY_PSUBANK']
CENTURYPLY.NS,Century Plyboards (India) Ltd.,Consumer Durables,"['NIFTY500', 'NIFTYTOTALMARKET']",['NIFTY_CONSUMER_DURABLES']
CERA.NS,Cera Sanitaryware Ltd,Consumer Durables,"['NIFTY500', 'NIFTYTOTALMARKET']",['NIFTY_CONSUMER_DURABLES']
CESC.NS,CESC Ltd.,Power,"['NIFTY500', 'NIFTYTOTALMARKET', 'NIFTYSMALLCAP100']",[]
CGCL.NS,Capri Global Capital Ltd.,Financial Services,"['NIFTY500', 'NIFTYTOTALMARKET', 'NIFTYSMALLCAP100']",[]
CGPOWER.NS,CG Power and Industrial Solutions Ltd.,Capital Goods,"['NIFTY200', 'NIFTY100', 'NIFTYTOTALMARKET', 'NIFTYNEXT50', 'NIFTY500']",[]
CHALET.NS,Chalet Hotels Ltd.,Consumer Services,"['NIFTY500', 'NIFTYTOTALMARKET']",[]
CHAMBLFERT.NS,Chambal Fertilizers & Chemicals Ltd.,Chemicals,"['NIFTY500', 'NIFTYTOTALMARKET', 'NIFTYSMALLCAP100']",['NIFTY_CHEMICALS']
CHENNPETRO.NS,Chennai Petroleum Corporation Ltd.,Oil Gas & Consumable Fuels,"['NIFTY500', 'NIFTYTOTALMARKET']",[]
CHOICEIN.NS,Choice International Ltd.,Financial Services,"['NIFTY500', 'NIFTYTOTALMARKET']",[]
CHOLAFIN.NS,Cholamandalam Investment and Finance Company Ltd.,Financial Services,"['NIFTY200', 'NIFTY100', 'NIFTYTOTALMARKET', 'NIFTYNEXT50', 'NIFTY500']","['NIFTY_FINANCIAL_SERVICES', 'NIFTY_FINANCIAL_SERVICES25-50LIST']"
CHOLAHLDNG.NS,Cholamandalam Financial Holdings Ltd.,Financial Services,"['NIFTY500', 'NIFTYTOTALMARKET', 'NIFTYSMALLCAP100']",[]
CIEINDIA.NS,CIE Automotive India Ltd.,Automobile and Auto Components,['NIFTYTOTALMARKET'],[]
CIGNITITEC.NS,Cigniti Technologies Ltd.,Information Technology,['NIFTYTOTALMARKET'],[]
CIPLA.NS,Cipla Ltd.,Healthcare,"['NIFTY200', 'NIFTY50', 'NIFTY100', 'NIFTYTOTALMARKET', 'NIFTY500']","['NIFTY_HEALTHCARE', 'NIFTY_PHARMA']"
CLEAN.NS,Clean Science and Technology Ltd.,Chemicals,"['NIFTY500', 'NIFTYTOTALMARKET']",[]
CMSINFO.NS,CMS Info Systems Ltd.,Services,['NIFTYTOTALMARKET'],[]
COALINDIA.NS,Coal India Ltd.,Oil Gas & Consumable Fuels,"['NIFTY200', 'NIFTY50', 'NIFTY100', 'NIFTYTOTALMARKET', 'NIFTY500']",[]
COCHINSHIP.NS,Cochin Shipyard Ltd.,Capital Goods,"['NIFTY500', 'NIFTY200', 'NIFTYTOTALMARKET', 'NIFTYMIDCAP150']",[]
COFORGE.NS,Coforge Ltd.,Information Technology,"['NIFTY500', 'NIFTY200', 'NIFTYTOTALMARKET', 'NIFTYMIDCAP150']",['NIFTY_IT']
COHANCE.NS,Cohance Lifesciences Ltd.,Healthcare,"['NIFTY500', 'NIFTYTOTALMARKET']",[]
COLPAL.NS,Colgate Palmolive (India) Ltd.,Fast Moving Consumer Goods,"['NIFTY500', 'NIFTY200', 'NIFTYTOTALMARKET', 'NIFTYMIDCAP150']",['NIFTY_FMCG']
CONCOR.NS,Container Corporation of India Ltd.,Services,"['NIFTY500', 'NIFTY200', 'NIFTYTOTALMARKET', 'NIFTYMIDCAP150']",[]
CONCORDBIO.NS,Concord Biotech Ltd.,Healthcare,"['NIFTY500', 'NIFTYTOTALMARKET']",[]
COROMANDEL.NS,Coromandel International Ltd.,Chemicals,"['NIFTY500', 'NIFTY200', 'NIFTYTOTALMARKET', 'NIFTYMIDCAP150']",['NIFTY_CHEMICALS']
CRAFTSMAN.NS,Craftsman Automation Ltd.,Automobile and Auto Components,"['NIFTY500', 'NIFTYTOTALMARKET']",[]
CREDITACC.NS,CreditAccess Grameen Ltd.,Financial Services,"['NIFTY500', 'NIFTYTOTALMARKET', 'NIFTYSMALLCAP100']",[]
CRISIL.NS,CRISIL Ltd.,Financial Services,"['NIFTY500', 'NIFTYTOTALMARKET', 'NIFTYMIDCAP150']",[]
CROMPTON.NS,Crompton Greaves Consumer Electricals Ltd.,Consumer Durables,"['NIFTY500', 'NIFTYTOTALMARKET', 'NIFTYSMALLCAP100']",['NIFTY_CONSUMER_DURABLES']
CSBBANK.NS,CSB Bank Ltd.,Financial Services,['NIFTYTOTALMARKET'],[]
CUB.NS,City Union Bank Ltd.,Financial Services,"['NIFTY500', 'NIFTYTOTALMARKET']",[]
CUMMINSIND.NS,Cummins India Ltd.,Capital Goods,"['NIFTY500', 'NIFTY200', 'NIFTYTOTALMARKET', 'NIFTYMIDCAP150']",[]
CYIENT.NS,Cyient Ltd.,Information Technology,"['NIFTY500', 'NIFTYTOTALMARKET', 'NIFTYSMALLCAP100']",[]
CYIENTDLM.NS,Cyient DLM Ltd.,Capital Goods,['NIFTYTOTALMARKET'],[]
DABUR.NS,Dabur India Ltd.,Fast Moving Consumer Goods,"['NIFTY500', 'NIFTY200', 'NIFTYTOTALMARKET', 'NIFTYMIDCAP150']",['NIFTY_FMCG']
DALBHARAT.NS,Dalmia Bharat Ltd.,Construction Materials,"['NIFTY500', 'NIFTYTOTALMARKET', 'NIFTYMIDCAP150']",['NIFTY_CEMENT']
DATAMATICS.NS,Datamatics Global Services Ltd.,Information Technology,['NIFTYTOTALMARKET'],[]
DATAPATTNS.NS,Data Patterns (India) Ltd.,Capital Goods,"['NIFTY500', 'NIFTYTOTALMARKET', 'NIFTYSMALLCAP100']",[]
DBCORP.NS,D.B.Corp Ltd.,Media Entertainment & Publication,[],['NIFTY_MEDIA']
DBL.NS,Dilip Buildcon Ltd.,Construction,['NIFTYTOTALMARKET'],[]
DBREALTY.NS,Valor Estate Ltd.,Consumer Services,"['NIFTY500', 'NIFTYTOTALMARKET']",[]
DCAL.NS,Dishman Carbogen Amcis Ltd.,Healthcare,['NIFTYTOTALMARKET'],[]
DCBBANK.NS,DCB Bank Ltd.,Financial Services,['NIFTYTOTALMARKET'],[]
DCMSHRIRAM.NS,DCM Shriram Ltd.,Diversified,"['NIFTY500', 'NIFTYTOTALMARKET']",[]
DEEPAKFERT.NS,Deepak Fertilisers & Petrochemicals Corp. Ltd.,Chemicals,"['NIFTY500', 'NIFTYTOTALMARKET', 'NIFTYSMALLCAP100']",[]
DEEPAKNTR.NS,Deepak Nitrite Ltd.,Chemicals,"['NIFTY500', 'NIFTYTOTALMARKET', 'NIFTYMIDCAP150']",['NIFTY_CHEMICALS']
DELHIVERY.NS,Delhivery Ltd.,Services,"['NIFTY500', 'NIFTYTOTALMARKET', 'NIFTYSMALLCAP100']",[]
DEVYANI.NS,Devyani International Ltd.,Consumer Services,"['NIFTY500', 'NIFTYTOTALMARKET', 'NIFTYSMALLCAP100']",[]
DHANUKA.NS,Dhanuka Agritech Ltd.,Chemicals,['NIFTYTOTALMARKET'],[]
DIACABS.NS,Diamond Power Infrastructure Ltd.,Capital Goods,['NIFTYTOTALMARKET'],[]
DIVISLAB.NS,Divi's Laboratories Ltd.,Healthcare,"['NIFTY200', 'NIFTY100', 'NIFTYTOTALMARKET', 'NIFTYNEXT50', 'NIFTY500']","['NIFTY_HEALTHCARE', 'NIFTY_PHARMA']"
DIXON.NS,Dixon Technologies (India) Ltd.,Consumer Durables,"['NIFTY500', 'NIFTY200', 'NIFTYTOTALMARKET', 'NIFTYMIDCAP150']",['NIFTY_CONSUMER_DURABLES']
DLF.NS,DLF Ltd.,Realty,"['NIFTY200', 'NIFTY100', 'NIFTYTOTALMARKET', 'NIFTYNEXT50', 'NIFTY500']",['NIFTY_REALTY']
DMART.NS,Avenue Supermarts Ltd.,Consumer Services,"['NIFTY200', 'NIFTY100', 'NIFTYTOTALMARKET', 'NIFTYNEXT50', 'NIFTY500']",[]
DODLA.NS,Dodla Dairy Ltd.,Fast Moving Consumer Goods,['NIFTYTOTALMARKET'],[]
DOMS.NS,DOMS Industries Ltd.,Fast Moving Consumer Goods,"['NIFTY500', 'NIFTYTOTALMARKET']",[]
DRREDDY.NS,Dr. Reddy's Laboratories Ltd.,Healthcare,"['NIFTY200', 'NIFTY50', 'NIFTY100', 'NIFTYTOTALMARKET', 'NIFTY500']","['NIFTY_HEALTHCARE', 'NIFTY_PHARMA']"
DYNAMATECH.NS,Dynamatic Technologies Ltd.,Capital Goods,['NIFTYTOTALMARKET'],[]
EASEMYTRIP.NS,Easy Trip Planners Ltd.,Consumer Services,['NIFTYTOTALMARKET'],[]
ECLERX.NS,eClerx Services Ltd.,Services,"['NIFTY500', 'NIFTYTOTALMARKET']",[]
EDELWEISS.NS,Edelweiss Financial Services Ltd.,Financial Services,['NIFTYTOTALMARKET'],[]
EICHERMOT.NS,Eicher Motors Ltd.,Automobile and Auto Components,"['NIFTY200', 'NIFTY50', 'NIFTY100', 'NIFTYTOTALMARKET', 'NIFTY500']",['NIFTY_AUTO']
EIDPARRY.NS,E.I.D. Parry (India) Ltd.,Fast Moving Consumer Goods,"['NIFTY500', 'NIFTYTOTALMARKET']",['NIFTY_CHEMICALS']
EIEL.NS,Enviro Infra Engineers Ltd.,Utilities,['NIFTYTOTALMARKET'],[]
EIHOTEL.NS,EIH Ltd.,Consumer Services,"['NIFTY500', 'NIFTYTOTALMARKET']",[]
ELECON.NS,Elecon Engineering Co. Ltd.,Capital Goods,"['NIFTY500', 'NIFTYTOTALMARKET']",[]
ELECTCAST.NS,Electrosteel Castings Ltd.,Capital Goods,['NIFTYTOTALMARKET'],[]
ELGIEQUIP.NS,Elgi Equipments Ltd.,Capital Goods,"['NIFTY500', 'NIFTYTOTALMARKET']",[]
EMAMILTD.NS,Emami Ltd.,Fast Moving Consumer Goods,"['NIFTY500', 'NIFTYTOTALMARKET']",['NIFTY_FMCG']
EMBDL.NS,Embassy Developments Ltd.,Realty,['NIFTYTOTALMARKET'],[]
EMCURE.NS,Emcure Pharmaceuticals Ltd.,Healthcare,"['NIFTY500', 'NIFTYTOTALMARKET']",[]
EMIL.NS,Electronics Mart India Ltd.,Consumer Services,['NIFTYTOTALMARKET'],[]
EMUDHRA.NS,eMudhra Ltd.,Information Technology,['NIFTYTOTALMARKET'],[]
ENDURANCE.NS,Endurance Technologies Ltd.,Automobile and Auto Components,"['NIFTY500', 'NIFTYTOTALMARKET', 'NIFTYMIDCAP150']",[]
ENGINERSIN.NS,Engineers India Ltd.,Construction,"['NIFTY500', 'NIFTYTOTALMARKET']",[]
ENRIN.NS,Siemens Energy India Ltd.,Capital Goods,"['NIFTY200', 'NIFTY100', 'NIFTYTOTALMARKET', 'NIFTYNEXT50', 'NIFTY500']",[]
ENTERO.NS,Entero Healthcare Solutions Ltd.,Consumer Services,['NIFTYTOTALMARKET'],[]
EPIGRAL.NS,Epigral Ltd.,Chemicals,['NIFTYTOTALMARKET'],[]
EPL.NS,EPL Ltd.,Capital Goods,['NIFTYTOTALMARKET'],[]
EQUITASBNK.NS,Equitas Small Finance Bank Ltd.,Financial Services,['NIFTYTOTALMARKET'],[]
ERIS.NS,Eris Lifesciences Ltd.,Healthcare,"['NIFTY500', 'NIFTYTOTALMARKET']",[]
ESCORTS.NS,Escorts Kubota Ltd.,Capital Goods,"['NIFTY500', 'NIFTYTOTALMARKET', 'NIFTYMIDCAP150']",[]
ETERNAL.NS,Eternal Ltd.,Consumer Services,"['NIFTY200', 'NIFTY50', 'NIFTY100', 'NIFTYTOTALMARKET', 'NIFTY500']",[]
ETHOSLTD.NS,Ethos Ltd.,Consumer Durables,['NIFTYTOTALMARKET'],[]
EUREKAFORB.NS,Eureka Forbes Ltd.,Consumer Durables,['NIFTYTOTALMARKET'],[]
EXIDEIND.NS,Exide Industries Ltd.,Automobile and Auto Components,"['NIFTY500', 'NIFTY200', 'NIFTYTOTALMARKET', 'NIFTYMIDCAP150']",['NIFTY_AUTO']
FACT.NS,Fertilisers and Chemicals Travancore Ltd.,Chemicals,"['NIFTY500', 'NIFTYTOTALMARKET', 'NIFTYMIDCAP150']",[]
FDC.NS,FDC Ltd.,Healthcare,['NIFTYTOTALMARKET'],[]
FEDERALBNK.NS,Federal Bank Ltd.,Financial Services,"['NIFTY500', 'NIFTY200', 'NIFTYTOTALMARKET', 'NIFTYMIDCAP150']","['NIFTY_PRIVATEBANK', 'NIFTY_BANK']"
FIEMIND.NS,Fiem Industries Ltd,Automobile and Auto Components,['NIFTYTOTALMARKET'],[]
FINCABLES.NS,Finolex Cables Ltd.,Capital Goods,"['NIFTY500', 'NIFTYTOTALMARKET']",[]
FINEORG.NS,Fine Organic Industries Ltd.,Chemicals,['NIFTYTOTALMARKET'],[]
FINPIPE.NS,Finolex Industries Ltd.,Capital Goods,"['NIFTY500', 'NIFTYTOTALMARKET']",[]
FIRSTCRY.NS,Brainbees Solutions Ltd.,Consumer Services,"['NIFTY500', 'NIFTYTOTALMARKET', 'NIFTYSMALLCAP100']",[]
FIVESTAR.NS,Five-Star Business Finance Ltd.,Financial Services,"['NIFTY500', 'NIFTYTOTALMARKET', 'NIFTYSMALLCAP100']",[]
FLUOROCHEM.NS,Gujarat Fluorochemicals Ltd.,Chemicals,"['NIFTY500', 'NIFTYTOTALMARKET', 'NIFTYMIDCAP150']",['NIFTY_CHEMICALS']
FORCEMOT.NS,Force Motors Ltd.,Automobile and Auto Components,"['NIFTY500', 'NIFTYTOTALMARKET']",[]
FORTIS.NS,Fortis Healthcare Ltd.,Healthcare,"['NIFTY500', 'NIFTY200', 'NIFTYTOTALMARKET', 'NIFTYMIDCAP150']",['NIFTY_HEALTHCARE']
FSL.NS,Firstsource Solutions Ltd.,Services,"['NIFTY500', 'NIFTYTOTALMARKET', 'NIFTYSMALLCAP100']",[]
GABRIEL.NS,Gabriel India Ltd.,Automobile and Auto Components,['NIFTYTOTALMARKET'],[]
GAEL.NS,Gujarat Ambuja Exports Ltd.,Fast Moving Consumer Goods,['NIFTYTOTALMARKET'],[]
GAIL.NS,GAIL (India) Ltd.,Oil Gas & Consumable Fuels,"['NIFTY200', 'NIFTY100', 'NIFTYTOTALMARKET', 'NIFTYNEXT50', 'NIFTY500']",['NIFTY_OILANDGAS']
GALLANTT.NS,Gallantt Ispat Ltd.,Capital Goods,['NIFTYTOTALMARKET'],[]
GANECOS.NS,Ganesha Ecosphere Ltd.,Textiles,['NIFTYTOTALMARKET'],[]
GANESHHOU.NS,Ganesh Housing Ltd.,Realty,['NIFTYTOTALMARKET'],[]
GARFIBRES.NS,Garware Technical Fibres Ltd.,Textiles,['NIFTYTOTALMARKET'],[]
GATEWAY.NS,Gateway Distriparks Ltd.,Services,['NIFTYTOTALMARKET'],[]
GESHIP.NS,Great Eastern Shipping Co. Ltd.,Services,"['NIFTY500', 'NIFTYTOTALMARKET', 'NIFTYSMALLCAP100']",[]
GHCL.NS,GHCL Ltd.,Chemicals,['NIFTYTOTALMARKET'],[]
GICRE.NS,General Insurance Corporation of India,Financial Services,"['NIFTY500', 'NIFTYTOTALMARKET', 'NIFTYMIDCAP150']",[]
GILLETTE.NS,Gillette India Ltd.,Fast Moving Consumer Goods,"['NIFTY500', 'NIFTYTOTALMARKET', 'NIFTYSMALLCAP100']",[]
GLAND.NS,Gland Pharma Ltd.,Healthcare,"['NIFTY500', 'NIFTYTOTALMARKET', 'NIFTYSMALLCAP100']",['NIFTY_PHARMA']
GLAXO.NS,Glaxosmithkline Pharmaceuticals Ltd.,Healthcare,"['NIFTY500', 'NIFTYTOTALMARKET', 'NIFTYMIDCAP150']",[]
GLENMARK.NS,Glenmark Pharmaceuticals Ltd.,Healthcare,"['NIFTY500', 'NIFTY200', 'NIFTYTOTALMARKET', 'NIFTYMIDCAP150']","['NIFTY_HEALTHCARE', 'NIFTY_PHARMA']"
GMDCLTD.NS,Gujarat Mineral Development Corporation Ltd.,Metals & Mining,"['NIFTY500', 'NIFTYTOTALMARKET']",[]
GMMPFAUDLR.NS,GMM Pfaudler Ltd.,Capital Goods,['NIFTYTOTALMARKET'],[]
GMRAIRPORT.NS,GMR Airports Ltd.,Services,"['NIFTY500', 'NIFTY200', 'NIFTYTOTALMARKET', 'NIFTYMIDCAP150']",[]
GMRP&UI.NS,GMR Power and Urban Infra Ltd.,Power,['NIFTYTOTALMARKET'],[]
GNFC.NS,Gujarat Narmada Valley Fertilizers and Chemicals Ltd.,Chemicals,['NIFTYTOTALMARKET'],['NIFTY_CHEMICALS']
GODFRYPHLP.NS,Godfrey Phillips India Ltd.,Fast Moving Consumer Goods,"['NIFTY500', 'NIFTY200', 'NIFTYTOTALMARKET', 'NIFTYMIDCAP150']",[]
GODIGIT.NS,Go Digit General Insurance Ltd.,Financial Services,"['NIFTY500', 'NIFTYTOTALMARKET', 'NIFTYSMALLCAP100']",[]
GODREJAGRO.NS,Godrej Agrovet Ltd.,Fast Moving Consumer Goods,"['NIFTY500', 'NIFTYTOTALMARKET']",[]
GODREJCP.NS,Godrej Consumer Products Ltd.,Fast Moving Consumer Goods,"['NIFTY200', 'NIFTY100', 'NIFTYTOTALMARKET', 'NIFTYNEXT50', 'NIFTY500']",['NIFTY_FMCG']
GODREJIND.NS,Godrej Industries Ltd.,Diversified,"['NIFTY500', 'NIFTYTOTALMARKET', 'NIFTYMIDCAP150']",[]
GODREJPROP.NS,Godrej Properties Ltd.,Realty,"['NIFTY500', 'NIFTY200', 'NIFTYTOTALMARKET', 'NIFTYMIDCAP150']",['NIFTY_REALTY']
GOKEX.NS,Gokaldas Exports Ltd.,Textiles,['NIFTYTOTALMARKET'],[]
GPIL.NS,Godawari Power & Ispat Ltd.,Capital Goods,"['NIFTY500', 'NIFTYTOTALMARKET']",[]
GPPL.NS,Gujarat Pipavav Port Ltd.,Services,['NIFTYTOTALMARKET'],[]
GRANULES.NS,Granules India Ltd.,Healthcare,"['NIFTY500', 'NIFTYTOTALMARKET']",[]
GRAPHITE.NS,Graphite India Ltd.,Capital Goods,"['NIFTY500', 'NIFTYTOTALMARKET']",[]
GRASIM.NS,Grasim Industries Ltd.,Construction Materials,"['NIFTY200', 'NIFTY50', 'NIFTY100', 'NIFTYTOTALMARKET', 'NIFTY500']",['NIFTY_CEMENT']
GRAVITA.NS,Gravita India Ltd.,Metals & Mining,"['NIFTY500', 'NIFTYTOTALMARKET']",[]
GREAVESCOT.NS,Greaves Cotton Ltd.,Capital Goods,['NIFTYTOTALMARKET'],[]
GREENPANEL.NS,Greenpanel Industries Ltd.,Consumer Durables,['NIFTYTOTALMARKET'],[]
GRINFRA.NS,G R Infraprojects Ltd.,Construction,['NIFTYTOTALMARKET'],[]
GRSE.NS,Garden Reach Shipbuilders & Engineers Ltd.,Capital Goods,"['NIFTY500', 'NIFTYTOTALMARKET', 'NIFTYSMALLCAP100']",[]
GRWRHITECH.NS,Garware Hi-Tech Films Ltd.,Capital Goods,['NIFTYTOTALMARKET'],[]
GSFC.NS,Gujarat State Fertilizers & Chemicals Ltd.,Chemicals,['NIFTYTOTALMARKET'],[]
GSPL.NS,Gujarat State Petronet Ltd.,Oil Gas & Consumable Fuels,"['NIFTY500', 'NIFTYTOTALMARKET']",['NIFTY_OILANDGAS']
GUJGASLTD.NS,Gujarat Gas Ltd.,Oil Gas & Consumable Fuels,"['NIFTY500', 'NIFTYTOTALMARKET', 'NIFTYMIDCAP150']",['NIFTY_OILANDGAS']
GULFOILLUB.NS,Gulf Oil Lubricants India Ltd.,Oil Gas & Consumable Fuels,['NIFTYTOTALMARKET'],[]
GVT&D.NS,GE Vernova T&D India Ltd.,Capital Goods,"['NIFTY500', 'NIFTYTOTALMARKET', 'NIFTYMIDCAP150']",[]
HAL.NS,Hindustan Aeronautics Ltd.,Capital Goods,"['NIFTY200', 'NIFTY100', 'NIFTYTOTALMARKET', 'NIFTYNEXT50', 'NIFTY500']",[]
HAPPSTMNDS.NS,Happiest Minds Technologies Ltd.,Information Technology,"['NIFTY500', 'NIFTYTOTALMARKET']",[]
HATHWAY.NS,Hathway Cable & Datacom Ltd.,Media Entertainment & Publication,[],['NIFTY_MEDIA']
HAVELLS.NS,Havells India Ltd.,Consumer Durables,"['NIFTY200', 'NIFTY100', 'NIFTYTOTALMARKET', 'NIFTYNEXT50', 'NIFTY500']",['NIFTY_CONSUMER_DURABLES']
HBLENGINE.NS,HBL Engineering Ltd.,Capital Goods,"['NIFTY500', 'NIFTYTOTALMARKET', 'NIFTYSMALLCAP100']",[]
HCC.NS,Hindustan Construction Co. Ltd.,Construction,['NIFTYTOTALMARKET'],[]
HCG.NS,Healthcare Global Enterprises Ltd.,Healthcare,['NIFTYTOTALMARKET'],[]
HCLTECH.NS,HCL Technologies Ltd.,Information Technology,"['NIFTY200', 'NIFTY50', 'NIFTY100', 'NIFTYTOTALMARKET', 'NIFTY500']",['NIFTY_IT']
HDFCAMC.NS,HDFC Asset Management Company Ltd.,Financial Services,"['NIFTY500', 'NIFTY200', 'NIFTYTOTALMARKET', 'NIFTYMIDCAP150']",[]
HDFCBANK.NS,HDFC Bank Ltd.,Financial Services,"['NIFTY200', 'NIFTY50', 'NIFTY100', 'NIFTYTOTALMARKET', 'NIFTY500']","['NIFTY_FINANCIAL_SERVICES', 'NIFTY_FINANCIAL_SERVICES25-50LIST', 'NIFTY_PRIVATEBANK', 'NIFTY_BANK']"
HDFCLIFE.NS,HDFC Life Insurance Company Ltd.,Financial Services,"['NIFTY200', 'NIFTY50', 'NIFTY100', 'NIFTYTOTALMARKET', 'NIFTY500']","['NIFTY_FINANCIAL_SERVICES', 'NIFTY_FINANCIAL_SERVICES25-50LIST']"
HEG.NS,H.E.G. Ltd.,Capital Goods,"['NIFTY500', 'NIFTYTOTALMARKET']",[]
HEMIPROP.NS,Hemisphere Properties India Ltd.,Services,['NIFTYTOTALMARKET'],[]
HERITGFOOD.NS,Heritage Foods Ltd.,Fast Moving Consumer Goods,['NIFTYTOTALMARKET'],[]
HEROMOTOCO.NS,Hero MotoCorp Ltd.,Automobile and Auto Components,"['NIFTY500', 'NIFTY200', 'NIFTYTOTALMARKET', 'NIFTYMIDCAP150']",['NIFTY_AUTO']
HEXT.NS,Hexaware Technologies Ltd.,Information Technology,"['NIFTY500', 'NIFTYTOTALMARKET', 'NIFTYMIDCAP150']",[]
HFCL.NS,HFCL Ltd.,Telecommunication,"['NIFTY500', 'NIFTYTOTALMARKET']",[]
HGINFRA.NS,H.G. Infra Engineering Ltd.,Construction,['NIFTYTOTALMARKET'],[]
HIKAL.NS,Hikal Ltd.,Healthcare,['NIFTYTOTALMARKET'],[]
HINDALCO.NS,Hindalco Industries Ltd.,Metals & Mining,"['NIFTY200', 'NIFTY50', 'NIFTY100', 'NIFTYTOTALMARKET', 'NIFTY500']",['NIFTY_METAL']
HINDCOPPER.NS,Hindustan Copper Ltd.,Metals & Mining,"['NIFTY500', 'NIFTYTOTALMARKET', 'NIFTYSMALLCAP100']",['NIFTY_METAL']
HINDPETRO.NS,Hindustan Petroleum Corporation Ltd.,Oil Gas & Consumable Fuels,"['NIFTY500', 'NIFTY200', 'NIFTYTOTALMARKET', 'NIFTYMIDCAP150']",['NIFTY_OILANDGAS']
HINDUNILVR.NS,Hindustan Unilever Ltd.,Fast Moving Consumer Goods,"['NIFTY200', 'NIFTY50', 'NIFTY100', 'NIFTYTOTALMARKET', 'NIFTY500']",['NIFTY_FMCG']
HINDZINC.NS,Hindustan Zinc Ltd.,Metals & Mining,"['NIFTY200', 'NIFTY100', 'NIFTYTOTALMARKET', 'NIFTYNEXT50', 'NIFTY500']",['NIFTY_METAL']
HOMEFIRST.NS,Home First Finance Company India Ltd.,Financial Services,"['NIFTY500', 'NIFTYTOTALMARKET']",[]
HONASA.NS,Honasa Consumer Ltd.,Fast Moving Consumer Goods,"['NIFTY500', 'NIFTYTOTALMARKET']",[]
HONAUT.NS,Honeywell Automation India Ltd.,Capital Goods,"['NIFTY500', 'NIFTYTOTALMARKET', 'NIFTYMIDCAP150']",[]
HSCL.NS,Himadri Speciality Chemical Ltd.,Chemicals,"['NIFTY500', 'NIFTYTOTALMARKET', 'NIFTYSMALLCAP100']",['NIFTY_CHEMICALS']
HUDCO.NS,Housing & Urban Development Corporation Ltd.,Financial Services,"['NIFTY500', 'NIFTY200', 'NIFTYTOTALMARKET', 'NIFTYMIDCAP150']",[]
HYUNDAI.NS,Hyundai Motor India Ltd.,Automobile and Auto Components,"['NIFTY200', 'NIFTY100', 'NIFTYTOTALMARKET', 'NIFTYNEXT50', 'NIFTY500']",[]
ICICIBANK.NS,ICICI Bank Ltd.,Financial Services,"['NIFTY200', 'NIFTY50', 'NIFTY100', 'NIFTYTOTALMARKET', 'NIFTY500']","['NIFTY_FINANCIAL_SERVICES', 'NIFTY_FINANCIAL_SERVICES25-50LIST', 'NIFTY_PRIVATEBANK', 'NIFTY_BANK']"
ICICIGI.NS,ICICI Lombard General Insurance Company Ltd.,Financial Services,"['NIFTY200', 'NIFTY100', 'NIFTYTOTALMARKET', 'NIFTYNEXT50', 'NIFTY500']","['NIFTY_FINANCIAL_SERVICES', 'NIFTY_FINANCIAL_SERVICES25-50LIST']"
ICICIPRULI.NS,ICICI Prudential Life Insurance Company Ltd.,Financial Services,"['NIFTY500', 'NIFTYTOTALMARKET', 'NIFTYMIDCAP150']","['NIFTY_FINANCIAL_SERVICES', 'NIFTY_FINANCIAL_SERVICES25-50LIST']"
ICIL.NS,Indo Count Industries Ltd.,Textiles,['NIFTYTOTALMARKET'],[]
IDBI.NS,IDBI Bank Ltd.,Financial Services,"['NIFTY500', 'NIFTYTOTALMARKET', 'NIFTYMIDCAP150']",[]
IDEA.NS,Vodafone Idea Ltd.,Telecommunication,"['NIFTY500', 'NIFTY200', 'NIFTYTOTALMARKET', 'NIFTYMIDCAP150']",[]
IDFCFIRSTB.NS,IDFC First Bank Ltd.,Financial Services,"['NIFTY500', 'NIFTY200', 'NIFTYTOTALMARKET', 'NIFTYMIDCAP150']","['NIFTY_PRIVATEBANK', 'NIFTY_BANK']"
IEX.NS,Indian Energy Exchange Ltd.,Financial Services,"['NIFTY500', 'NIFTYTOTALMARKET', 'NIFTYSMALLCAP100']",[]
IFBIND.NS,IFB Industries Ltd.,Consumer Durables,['NIFTYTOTALMARKET'],[]
IFCI.NS,IFCI Ltd.,Financial Services,"['NIFTY500', 'NIFTYTOTALMARKET', 'NIFTYSMALLCAP100']",[]
IGIL.NS,International Gemmological Institute (India) Ltd.,Services,"['NIFTY500', 'NIFTYTOTALMARKET', 'NIFTYSMALLCAP100']",[]
IGL.NS,Indraprastha Gas Ltd.,Oil Gas & Consumable Fuels,"['NIFTY500', 'NIFTY200', 'NIFTYTOTALMARKET', 'NIFTYMIDCAP150']",['NIFTY_OILANDGAS']
IIFL.NS,IIFL Finance Ltd.,Financial Services,"['NIFTY500', 'NIFTYTOTALMARKET', 'NIFTYSMALLCAP100']",[]
IIFLCAPS.NS,IIFL Capital Services Ltd.,Financial Services,['NIFTYTOTALMARKET'],[]
IKS.NS,Inventurus Knowledge Solutions Ltd.,Information Technology,"['NIFTY500', 'NIFTYTOTALMARKET', 'NIFTYSMALLCAP100']",[]
IMAGICAA.NS,Imagicaaworld Entertainment Ltd.,Consumer Services,['NIFTYTOTALMARKET'],[]
IMFA.NS,Indian Metals & Ferro Alloys Ltd.,Metals & Mining,['NIFTYTOTALMARKET'],[]
INDGN.NS,Indegene Ltd.,Healthcare,"['NIFTY500', 'NIFTYTOTALMARKET']",[]
INDHOTEL.NS,Indian Hotels Co. Ltd.,Consumer Services,"['NIFTY200', 'NIFTY100', 'NIFTYTOTALMARKET', 'NIFTYNEXT50', 'NIFTY500']",[]
INDIACEM.NS,India Cements Ltd.,Construction Materials,"['NIFTY500', 'NIFTYTOTALMARKET']",['NIFTY_CEMENT']
INDIAGLYCO.NS,India Glycols Ltd.,Fast Moving Consumer Goods,['NIFTYTOTALMARKET'],[]
INDIAMART.NS,Indiamart Intermesh Ltd.,Consumer Services,"['NIFTY500', 'NIFTYTOTALMARKET']",[]
INDIANB.NS,Indian Bank,Financial Services,"['NIFTY500', 'NIFTY200', 'NIFTYTOTALMARKET', 'NIFTYMIDCAP150']",['NIFTY_PSUBANK']
INDIASHLTR.NS,India Shelter Finance Corporation Ltd.,Financial Services,['NIFTYTOTALMARKET'],[]
INDIGO.NS,InterGlobe Aviation Ltd.,Services,"['NIFTY200', 'NIFTY50', 'NIFTY100', 'NIFTYTOTALMARKET', 'NIFTY500']",[]
INDIGOPNTS.NS,Indigo Paints Ltd.,Consumer Durables,['NIFTYTOTALMARKET'],[]
INDUSINDBK.NS,IndusInd Bank Ltd.,Financial Services,"['NIFTY500', 'NIFTY200', 'NIFTYTOTALMARKET', 'NIFTYMIDCAP150']","['NIFTY_PRIVATEBANK', 'NIFTY_BANK']"
INDUSTOWER.NS,Indus Towers Ltd.,Telecommunication,"['NIFTY500', 'NIFTY200', 'NIFTYTOTALMARKET', 'NIFTYMIDCAP150']",[]
INFY.NS,Infosys Ltd.,Information Technology,"['NIFTY200', 'NIFTY50', 'NIFTY100', 'NIFTYTOTALMARKET', 'NIFTY500']",['NIFTY_IT']
INGERRAND.NS,Ingersoll Rand (India) Ltd.,Capital Goods,['NIFTYTOTALMARKET'],[]
INNOVACAP.NS,Innova Captab Ltd.,Healthcare,['NIFTYTOTALMARKET'],[]
INOXGREEN.NS,Inox Green Energy Services Ltd.,Power,['NIFTYTOTALMARKET'],[]
INOXINDIA.NS,INOX India Ltd.,Capital Goods,"['NIFTY500', 'NIFTYTOTALMARKET']",[]
INOXWIND.NS,Inox Wind Ltd.,Capital Goods,"['NIFTY500', 'NIFTYTOTALMARKET', 'NIFTYSMALLCAP100']",[]
INTELLECT.NS,Intellect Design Arena Ltd.,Information Technology,"['NIFTY500', 'NIFTYTOTALMARKET']",[]
IOB.NS,Indian Overseas Bank,Financial Services,"['NIFTY500', 'NIFTYTOTALMARKET', 'NIFTYMIDCAP150']",['NIFTY_PSUBANK']
IOC.NS,Indian Oil Corporation Ltd.,Oil Gas & Consumable Fuels,"['NIFTY200', 'NIFTY100', 'NIFTYTOTALMARKET', 'NIFTYNEXT50', 'NIFTY500']",['NIFTY_OILANDGAS']
IONEXCHANG.NS,Ion Exchange (India) Ltd.,Utilities,['NIFTYTOTALMARKET'],[]
IPCALAB.NS,Ipca Laboratories Ltd.,Healthcare,"['NIFTY500', 'NIFTYTOTALMARKET', 'NIFTYMIDCAP150']","['NIFTY_HEALTHCARE', 'NIFTY_PHARMA']"
IRB.NS,IRB Infrastructure Developers Ltd.,Construction,"['NIFTY500', 'NIFTY200', 'NIFTYTOTALMARKET', 'NIFTYMIDCAP150']",[]
IRCON.NS,IRCON International Ltd.,Construction,"['NIFTY500', 'NIFTYTOTALMARKET', 'NIFTYSMALLCAP100']",[]
IRCTC.NS,Indian Railway Catering And Tourism Corporation Ltd.,Consumer Services,"['NIFTY500', 'NIFTY200', 'NIFTYTOTALMARKET', 'NIFTYMIDCAP150']",[]
IREDA.NS,Indian Renewable Energy Development Agency Ltd.,Financial Services,"['NIFTY500', 'NIFTY200', 'NIFTYTOTALMARKET', 'NIFTYMIDCAP150']",[]
IRFC.NS,Indian Railway Finance Corporation Ltd.,Financial Services,"['NIFTY200', 'NIFTY100', 'NIFTYTOTALMARKET', 'NIFTYNEXT50', 'NIFTY500']",[]
ISGEC.NS,Isgec Heavy Engineering Ltd.,Construction,['NIFTYTOTALMARKET'],[]
ITC.NS,ITC Ltd.,Fast Moving Consumer Goods,"['NIFTY200', 'NIFTY50', 'NIFTY100', 'NIFTYTOTALMARKET', 'NIFTY500']",['NIFTY_FMCG']
ITCHOTELS.NS,ITC Hotels Ltd.,Consumer Services,"['NIFTY500', 'NIFTY200', 'NIFTYTOTALMARKET', 'NIFTYMIDCAP150']",[]
ITI.NS,ITI Ltd.,Telecommunication,"['NIFTY500', 'NIFTYTOTALMARKET']",[]
IXIGO.NS,Le Travenues Technology Ltd.,Consumer Services,['NIFTYTOTALMARKET'],[]
J&KBANK.NS,Jammu & Kashmir Bank Ltd.,Financial Services,"['NIFTY500', 'NIFTYTOTALMARKET']",[]
JAIBALAJI.NS,Jai Balaji Industries Ltd.,Metals & Mining,['NIFTYTOTALMARKET'],[]
JAMNAAUTO.NS,Jamna Auto Industries Ltd.,Automobile and Auto Components,['NIFTYTOTALMARKET'],[]
JBCHEPHARM.NS,J.B. Chemicals & Pharmaceuticals Ltd.,Healthcare,"['NIFTY500', 'NIFTYTOTALMARKET', 'NIFTYSMALLCAP100']",['NIFTY_PHARMA']
JBMA.NS,JBM Auto Ltd.,Automobile and Auto Components,"['NIFTY500', 'NIFTYTOTALMARKET', 'NIFTYSMALLCAP100']",[]
JINDALSAW.NS,Jindal Saw Ltd.,Capital Goods,"['NIFTY500', 'NIFTYTOTALMARKET', 'NIFTYSMALLCAP100']",[]
JINDALSTEL.NS,Jindal Steel Ltd.,Metals & Mining,"['NIFTY200', 'NIFTY100', 'NIFTYTOTALMARKET', 'NIFTYNEXT50', 'NIFTY500']",['NIFTY_METAL']
JINDWORLD.NS,Jindal Worldwide Ltd.,Textiles,['NIFTYTOTALMARKET'],[]
JIOFIN.NS,Jio Financial Services Ltd.,Financial Services,"['NIFTY200', 'NIFTY50', 'NIFTY100', 'NIFTYTOTALMARKET', 'NIFTY500']","['NIFTY_FINANCIAL_SERVICES', 'NIFTY_FINANCIAL_SERVICES25-50LIST']"
JISLJALEQS.NS,Jain Irrigation Systems Ltd.,Capital Goods,['NIFTYTOTALMARKET'],[]
JKCEMENT.NS,J.K. Cement Ltd.,Construction Materials,"['NIFTY500', 'NIFTYTOTALMARKET', 'NIFTYMIDCAP150']",['NIFTY_CEMENT']
JKIL.NS,J.Kumar Infraprojects Ltd.,Construction,['NIFTYTOTALMARKET'],[]
JKLAKSHMI.NS,JK Lakshmi Cement Ltd.,Construction Materials,['NIFTYTOTALMARKET'],['NIFTY_CEMENT']
JKPAPER.NS,JK Paper Ltd.,Forest Materials,['NIFTYTOTALMARKET'],[]
JKTYRE.NS,JK Tyre & Industries Ltd.,Automobile and Auto Components,"['NIFTY500', 'NIFTYTOTALMARKET']",[]
JMFINANCIL.NS,JM Financial Ltd.,Financial Services,"['NIFTY500', 'NIFTYTOTALMARKET']",[]
JPPOWER.NS,Jaiprakash Power Ventures Ltd.,Power,"['NIFTY500', 'NIFTYTOTALMARKET']",[]
JSFB.NS,Jana Small Finance Bank Ltd.,Financial Services,['NIFTYTOTALMARKET'],[]
JSL.NS,Jindal Stainless Ltd.,Metals & Mining,"['NIFTY500', 'NIFTYTOTALMARKET', 'NIFTYMIDCAP150']",['NIFTY_METAL']
JSWCEMENT.NS,JSW Cement Ltd.,Construction Materials,"['NIFTY500', 'NIFTYTOTALMARKET']",['NIFTY_CEMENT']
JSWENERGY.NS,JSW Energy Ltd.,Power,"['NIFTY200', 'NIFTY100', 'NIFTYTOTALMARKET', 'NIFTYNEXT50', 'NIFTY500']",[]
JSWINFRA.NS,JSW Infrastructure Ltd.,Services,"['NIFTY500', 'NIFTYTOTALMARKET', 'NIFTYMIDCAP150']",[]
JSWSTEEL.NS,JSW Steel Ltd.,Metals & Mining,"['NIFTY200', 'NIFTY50', 'NIFTY100', 'NIFTYTOTALMARKET', 'NIFTY500']",['NIFTY_METAL']
JUBLFOOD.NS,Jubilant Foodworks Ltd.,Consumer Services,"['NIFTY500', 'NIFTY200', 'NIFTYTOTALMARKET', 'NIFTYMIDCAP150']",[]
JUBLINGREA.NS,Jubilant Ingrevia Ltd.,Chemicals,"['NIFTY500', 'NIFTYTOTALMARKET']",[]
JUBLPHARMA.NS,Jubilant Pharmova Ltd.,Healthcare,"['NIFTY500', 'NIFTYTOTALMARKET']",[]
JUSTDIAL.NS,Justdial Ltd.,Consumer Services,['NIFTYTOTALMARKET'],[]
JWL.NS,Jupiter Wagons Ltd.,Capital Goods,"['NIFTY500', 'NIFTYTOTALMARKET', 'NIFTYSMALLCAP100']",[]
JYOTHYLAB.NS,Jyothy Labs Ltd.,Fast Moving Consumer Goods,"['NIFTY500', 'NIFTYTOTALMARKET']",[]
JYOTICNC.NS,Jyoti CNC Automation Ltd.,Capital Goods,"['NIFTY500', 'NIFTYTOTALMARKET', 'NIFTYSMALLCAP100']",[]
KAJARIACER.NS,Kajaria Ceramics Ltd.,Consumer Durables,"['NIFTY500', 'NIFTYTOTALMARKET', 'NIFTYSMALLCAP100']",['NIFTY_CONSUMER_DURABLES']
KALYANKJIL.NS,Kalyan Jewellers India Ltd.,Consumer Durables,"['NIFTY500', 'NIFTY200', 'NIFTYTOTALMARKET', 'NIFTYMIDCAP150']",['NIFTY_CONSUMER_DURABLES']
KANSAINER.NS,Kansai Nerolac Paints Ltd.,Consumer Durables,['NIFTYTOTALMARKET'],[]
KARURVYSYA.NS,Karur Vysya Bank Ltd.,Financial Services,"['NIFTY500', 'NIFTYTOTALMARKET', 'NIFTYSMALLCAP100']",[]
KAYNES.NS,Kaynes Technology India Ltd.,Capital Goods,"['NIFTY500', 'NIFTYTOTALMARKET', 'NIFTYSMALLCAP100']",[]
KEC.NS,Kec International Ltd.,Construction,"['NIFTY500', 'NIFTYTOTALMARKET', 'NIFTYSMALLCAP100']",[]
KEI.NS,KEI Industries Ltd.,Capital Goods,"['NIFTY500', 'NIFTY200', 'NIFTYTOTALMARKET', 'NIFTYMIDCAP150']",[]
KFINTECH.NS,Kfin Technologies Ltd.,Financial Services,"['NIFTY500', 'NIFTYTOTALMARKET', 'NIFTYSMALLCAP100']",[]
KIMS.NS,Krishna Institute of Medical Sciences Ltd.,Healthcare,"['NIFTY500', 'NIFTYTOTALMARKET']",[]
KIRLOSBROS.NS,Kirloskar Brothers Ltd.,Capital Goods,"['NIFTY500', 'NIFTYTOTALMARKET']",[]
KIRLOSENG.NS,Kirloskar Oil Eng Ltd.,Capital Goods,"['NIFTY500', 'NIFTYTOTALMARKET']",[]
KIRLPNU.NS,Kirloskar Pneumatic Company Ltd.,Capital Goods,['NIFTYTOTALMARKET'],[]
KITEX.NS,Kitex Garments Ltd.,Textiles,['NIFTYTOTALMARKET'],[]
KNRCON.NS,KNR Constructions Ltd.,Construction,['NIFTYTOTALMARKET'],[]
KOTAKBANK.NS,Kotak Mahindra Bank Ltd.,Financial Services,"['NIFTY200', 'NIFTY50', 'NIFTY100', 'NIFTYTOTALMARKET', 'NIFTY500']","['NIFTY_FINANCIAL_SERVICES', 'NIFTY_FINANCIAL_SERVICES25-50LIST', 'NIFTY_PRIVATEBANK', 'NIFTY_BANK']"
KPIGREEN.NS,KPI Green Energy Ltd.,Power,['NIFTYTOTALMARKET'],[]
KPIL.NS,Kalpataru Projects International Ltd.,Construction,"['NIFTY500', 'NIFTYTOTALMARKET', 'NIFTYSMALLCAP100']",[]
KPITTECH.NS,KPIT Technologies Ltd.,Information Technology,"['NIFTY500', 'NIFTY200', 'NIFTYTOTALMARKET', 'NIFTYMIDCAP150']",[]
KPRMILL.NS,K.P.R. Mill Ltd.,Textiles,"['NIFTY500', 'NIFTYTOTALMARKET', 'NIFTYMIDCAP150']",[]
KRBL.NS,KRBL Ltd.,Fast Moving Consumer Goods,['NIFTYTOTALMARKET'],[]
KRN.NS,KRN Heat Exchanger and Refrigeration Ltd.,Capital Goods,['NIFTYTOTALMARKET'],[]
KSB.NS,KSB Ltd.,Capital Goods,"['NIFTY500', 'NIFTYTOTALMARKET']",[]
KSCL.NS,Kaveri Seed Company Ltd.,Fast Moving Consumer Goods,['NIFTYTOTALMARKET'],[]
KSL.NS,Kalyani Steels Ltd.,Capital Goods,['NIFTYTOTALMARKET'],[]
KTKBANK.NS,Karnataka Bank Ltd.,Financial Services,['NIFTYTOTALMARKET'],[]
LALPATHLAB.NS,Dr. Lal Path Labs Ltd.,Healthcare,"['NIFTY500', 'NIFTYTOTALMARKET', 'NIFTYSMALLCAP100']",[]
LATENTVIEW.NS,Latent View Analytics Ltd.,Information Technology,"['NIFTY500', 'NIFTYTOTALMARKET']",[]
LAURUSLABS.NS,Laurus Labs Ltd.,Healthcare,"['NIFTY500', 'NIFTYTOTALMARKET', 'NIFTYSMALLCAP100']","['NIFTY_HEALTHCARE', 'NIFTY_PHARMA']"
LEMONTREE.NS,Lemon Tree Hotels Ltd.,Consumer Services,"['NIFTY500', 'NIFTYTOTALMARKET']",[]
LICHSGFIN.NS,LIC Housing Finance Ltd.,Financial Services,"['NIFTY500', 'NIFTY200', 'NIFTYTOTALMARKET', 'NIFTYMIDCAP150']","['NIFTY_FINANCIAL_SERVICES', 'NIFTY_FINANCIAL_SERVICES25-50LIST']"
LICI.NS,Life Insurance Corporation of India,Financial Services,"['NIFTY200', 'NIFTY100', 'NIFTYTOTALMARKET', 'NIFTYNEXT50', 'NIFTY500']",[]
LINDEINDIA.NS,Linde India Ltd.,Chemicals,"['NIFTY500', 'NIFTYTOTALMARKET', 'NIFTYMIDCAP150']",['NIFTY_CHEMICALS']
LLOYDSENGG.NS,Lloyds Engineering Works Ltd.,Capital Goods,['NIFTYTOTALMARKET'],[]
LLOYDSENT.NS,Lloyds Enterprises Ltd.,Metals & Mining,['NIFTYTOTALMARKET'],[]
LLOYDSME.NS,Lloyds Metals And Energy Ltd.,Metals & Mining,"['NIFTY500', 'NIFTYTOTALMARKET', 'NIFTYMIDCAP150']",['NIFTY_METAL']
LMW.NS,LMW Ltd.,Capital Goods,['NIFTYTOTALMARKET'],[]
LODHA.NS,Lodha Developers Ltd.,Realty,"['NIFTY200', 'NIFTY100', 'NIFTYTOTALMARKET', 'NIFTYNEXT50', 'NIFTY500']",['NIFTY_REALTY']
LT.NS,Larsen & Toubro Ltd.,Construction,"['NIFTY200', 'NIFTY50', 'NIFTY100', 'NIFTYTOTALMARKET', 'NIFTY500']",[]
LTF.NS,L&T Finance Ltd.,Financial Services,"['NIFTY500', 'NIFTY200', 'NIFTYTOTALMARKET', 'NIFTYMIDCAP150']",[]
LTFOODS.NS,LT Foods Ltd.,Fast Moving Consumer Goods,"['NIFTY500', 'NIFTYTOTALMARKET']",[]
LTM.NS,LTIMindtree Ltd.,Information Technology,"['NIFTY200', 'NIFTY100', 'NIFTYTOTALMARKET', 'NIFTYNEXT50', 'NIFTY500']",['NIFTY_IT']
LTTS.NS,L&T Technology Services Ltd.,Information Technology,"['NIFTY500', 'NIFTYTOTALMARKET', 'NIFTYMIDCAP150']",[]
LUMAXTECH.NS,Lumax Auto Technologies Ltd.,Automobile and Auto Components,['NIFTYTOTALMARKET'],[]
LUPIN.NS,Lupin Ltd.,Healthcare,"['NIFTY500', 'NIFTY200', 'NIFTYTOTALMARKET', 'NIFTYMIDCAP150']","['NIFTY_HEALTHCARE', 'NIFTY_PHARMA']"
LUXIND.NS,Lux Industries Ltd.,Textiles,['NIFTYTOTALMARKET'],[]
LXCHEM.NS,Laxmi Organic Industries Ltd.,Chemicals,['NIFTYTOTALMARKET'],[]
M&M.NS,Mahindra & Mahindra Ltd.,Automobile and Auto Components,"['NIFTY200', 'NIFTY50', 'NIFTY100', 'NIFTYTOTALMARKET', 'NIFTY500']",['NIFTY_AUTO']
M&MFIN.NS,Mahindra & Mahindra Financial Services Ltd.,Financial Services,"['NIFTY500', 'NIFTY200', 'NIFTYTOTALMARKET', 'NIFTYMIDCAP150']",[]
MAHABANK.NS,Bank of Maharashtra,Financial Services,"['NIFTY500', 'NIFTYTOTALMARKET', 'NIFTYMIDCAP150']",['NIFTY_PSUBANK']
MAHLIFE.NS,Mahindra Lifespace Developers Ltd.,Realty,['NIFTYTOTALMARKET'],[]
MAHSCOOTER.NS,Maharashtra Scooters Ltd.,Financial Services,"['NIFTY500', 'NIFTYTOTALMARKET']",[]
MAHSEAMLES.NS,Maharashtra Seamless Ltd.,Capital Goods,"['NIFTY500', 'NIFTYTOTALMARKET']",[]
MANAPPURAM.NS,Manappuram Finance Ltd.,Financial Services,"['NIFTY500', 'NIFTYTOTALMARKET', 'NIFTYSMALLCAP100']",[]
MANINFRA.NS,Man Infraconstruction Ltd.,Construction,['NIFTYTOTALMARKET'],[]
MANKIND.NS,Mankind Pharma Ltd.,Healthcare,"['NIFTY500', 'NIFTY200', 'NIFTYTOTALMARKET', 'NIFTYMIDCAP150']","['NIFTY_HEALTHCARE', 'NIFTY_PHARMA']"
MANORAMA.NS,Manorama Industries Ltd.,Fast Moving Consumer Goods,['NIFTYTOTALMARKET'],[]
MANYAVAR.NS,Vedant Fashions Ltd.,Consumer Services,"['NIFTY500', 'NIFTYTOTALMARKET']",[]
MAPMYINDIA.NS,C.E. Info Systems Ltd.,Information Technology,"['NIFTY500', 'NIFTYTOTALMARKET']",[]
MARICO.NS,Marico Ltd.,Fast Moving Consumer Goods,"['NIFTY500', 'NIFTY200', 'NIFTYTOTALMARKET', 'NIFTYMIDCAP150']",['NIFTY_FMCG']
MARKSANS.NS,Marksans Pharma Ltd.,Healthcare,['NIFTYTOTALMARKET'],[]
MARUTI.NS,Maruti Suzuki India Ltd.,Automobile and Auto Components,"['NIFTY200', 'NIFTY50', 'NIFTY100', 'NIFTYTOTALMARKET', 'NIFTY500']",['NIFTY_AUTO']
MASTEK.NS,Mastek Ltd.,Information Technology,['NIFTYTOTALMARKET'],[]
MAXESTATES.NS,Max Estates Ltd.,Realty,['NIFTYTOTALMARKET'],[]
MAXHEALTH.NS,Max Healthcare Institute Ltd.,Healthcare,"['NIFTY200', 'NIFTY50', 'NIFTY100', 'NIFTYTOTALMARKET', 'NIFTY500']",['NIFTY_HEALTHCARE']
MAZDOCK.NS,Mazagoan Dock Shipbuilders Ltd.,Capital Goods,"['NIFTY200', 'NIFTY100', 'NIFTYTOTALMARKET', 'NIFTYNEXT50', 'NIFTY500']",[]
MCX.NS,Multi Commodity Exchange of India Ltd.,Financial Services,"['NIFTY500', 'NIFTYTOTALMARKET', 'NIFTYSMALLCAP100']",[]
MEDANTA.NS,Global Health Ltd.,Healthcare,"['NIFTY500', 'NIFTYTOTALMARKET', 'NIFTYMIDCAP150']",[]
MEDPLUS.NS,Medplus Health Services Ltd.,Consumer Services,['NIFTYTOTALMARKET'],[]
METROPOLIS.NS,Metropolis Healthcare Ltd.,Healthcare,"['NIFTY500', 'NIFTYTOTALMARKET']",[]
MFSL.NS,Max Financial Services Ltd.,Financial Services,"['NIFTY500', 'NIFTY200', 'NIFTYTOTALMARKET', 'NIFTYMIDCAP150']",[]
MGL.NS,Mahanagar Gas Ltd.,Oil Gas & Consumable Fuels,"['NIFTY500', 'NIFTYTOTALMARKET', 'NIFTYSMALLCAP100']",['NIFTY_OILANDGAS']
MIDHANI.NS,Mishra Dhatu Nigam Ltd.,Capital Goods,['NIFTYTOTALMARKET'],[]
MINDACORP.NS,Minda Corporation Ltd.,Automobile and Auto Components,"['NIFTY500', 'NIFTYTOTALMARKET']",[]
MMTC.NS,MMTC Ltd.,Services,"['NIFTY500', 'NIFTYTOTALMARKET']",[]
MOIL.NS,MOIL Ltd.,Metals & Mining,['NIFTYTOTALMARKET'],[]
MOTHERSON.NS,Samvardhana Motherson International Ltd.,Automobile and Auto Components,"['NIFTY200', 'NIFTY100', 'NIFTYTOTALMARKET', 'NIFTYNEXT50', 'NIFTY500']",['NIFTY_AUTO']
MOTILALOFS.NS,Motilal Oswal Financial Services Ltd.,Financial Services,"['NIFTY500', 'NIFTY200', 'NIFTYTOTALMARKET', 'NIFTYMIDCAP150']",[]
MPHASIS.NS,MphasiS Ltd.,Information Technology,"['NIFTY500', 'NIFTY200', 'NIFTYTOTALMARKET', 'NIFTYMIDCAP150']",['NIFTY_IT']
MRF.NS,MRF Ltd.,Automobile and Auto Components,"['NIFTY500', 'NIFTY200', 'NIFTYTOTALMARKET', 'NIFTYMIDCAP150']",[]
MRPL.NS,Mangalore Refinery & Petrochemicals Ltd.,Oil Gas & Consumable Fuels,"['NIFTY500', 'NIFTYTOTALMARKET', 'NIFTYSMALLCAP100']",[]
MSTCLTD.NS,MSTC Ltd.,Services,['NIFTYTOTALMARKET'],[]
MSUMI.NS,Motherson Sumi Wiring India Ltd.,Automobile and Auto Components,"['NIFTY500', 'NIFTYTOTALMARKET']",[]
MTARTECH.NS,MTAR Technologies Ltd.,Capital Goods,['NIFTYTOTALMARKET'],[]
MUTHOOTFIN.NS,Muthoot Finance Ltd.,Financial Services,"['NIFTY500', 'NIFTY200', 'NIFTYTOTALMARKET', 'NIFTYMIDCAP150']","['NIFTY_FINANCIAL_SERVICES', 'NIFTY_FINANCIAL_SERVICES25-50LIST']"
NAM-INDIA.NS,Nippon Life India Asset Management Ltd.,Financial Services,"['NIFTY500', 'NIFTYTOTALMARKET', 'NIFTYMIDCAP150']",[]
NATCOPHARM.NS,NATCO Pharma Ltd.,Healthcare,"['NIFTY500', 'NIFTYTOTALMARKET', 'NIFTYSMALLCAP100']",[]
NATIONALUM.NS,National Aluminium Co. Ltd.,Metals & Mining,"['NIFTY500', 'NIFTY200', 'NIFTYTOTALMARKET', 'NIFTYMIDCAP150']",['NIFTY_METAL']
NAUKRI.NS,Info Edge (India) Ltd.,Consumer Services,"['NIFTY200', 'NIFTY100', 'NIFTYTOTALMARKET', 'NIFTYNEXT50', 'NIFTY500']",[]
NAVA.NS,Nava Ltd.,Power,"['NIFTY500', 'NIFTYTOTALMARKET']",[]
NAVINFLUOR.NS,Navin Fluorine International Ltd.,Chemicals,"['NIFTY500', 'NIFTYTOTALMARKET', 'NIFTYSMALLCAP100']",['NIFTY_CHEMICALS']
NAZARA.NS,Nazara Technologies Ltd.,Media Entertainment & Publication,['NIFTYTOTALMARKET'],['NIFTY_MEDIA']
NBCC.NS,NBCC (India) Ltd.,Construction,"['NIFTY500', 'NIFTYTOTALMARKET', 'NIFTYSMALLCAP100']",[]
NCC.NS,NCC Ltd.,Construction,"['NIFTY500', 'NIFTYTOTALMARKET', 'NIFTYSMALLCAP100']",[]
NEOGEN.NS,NEOGEN CHEMICALS LTD.,Chemicals,['NIFTYTOTALMARKET'],[]
NESCO.NS,NESCO Ltd.,Services,['NIFTYTOTALMARKET'],[]
NESTLEIND.NS,Nestle India Ltd.,Fast Moving Consumer Goods,"['NIFTY200', 'NIFTY50', 'NIFTY100', 'NIFTYTOTALMARKET', 'NIFTY500']",['NIFTY_FMCG']
NETWEB.NS,Netweb Technologies India Ltd.,Information Technology,"['NIFTY500', 'NIFTYTOTALMARKET']",[]
NETWORK18.NS,Network18 Media & Investments Ltd.,Media Entertainment & Publication,['NIFTYTOTALMARKET'],['NIFTY_MEDIA']
NEULANDLAB.NS,Neuland Laboratories Ltd.,Healthcare,"['NIFTY500', 'NIFTYTOTALMARKET', 'NIFTYSMALLCAP100']",[]
NEWGEN.NS,Newgen Software Technologies Ltd.,Information Technology,"['NIFTY500', 'NIFTYTOTALMARKET', 'NIFTYSMALLCAP100']",[]
NFL.NS,National Fertilizers Ltd.,Chemicals,['NIFTYTOTALMARKET'],[]
NH.NS,Narayana Hrudayalaya Ltd.,Healthcare,"['NIFTY500', 'NIFTYTOTALMARKET', 'NIFTYSMALLCAP100']",[]
NHPC.NS,NHPC Ltd.,Power,"['NIFTY500', 'NIFTY200', 'NIFTYTOTALMARKET', 'NIFTYMIDCAP150']",[]
NIACL.NS,The New India Assurance Company Ltd.,Financial Services,"['NIFTY500', 'NIFTYTOTALMARKET', 'NIFTYMIDCAP150']",[]
NIVABUPA.NS,Niva Bupa Health Insurance Company Ltd.,Financial Services,"['NIFTY500', 'NIFTYTOTALMARKET']",[]
NLCINDIA.NS,NLC India Ltd.,Power,"['NIFTY500', 'NIFTYTOTALMARKET', 'NIFTYMIDCAP150']",[]
NMDC.NS,NMDC Ltd.,Metals & Mining,"['NIFTY500', 'NIFTY200', 'NIFTYTOTALMARKET', 'NIFTYMIDCAP150']",['NIFTY_METAL']
NSLNISP.NS,NMDC Steel Ltd.,Metals & Mining,"['NIFTY500', 'NIFTYTOTALMARKET']",[]
NTPC.NS,NTPC Ltd.,Power,"['NIFTY200', 'NIFTY50', 'NIFTY100', 'NIFTYTOTALMARKET', 'NIFTY500']",[]
NTPCGREEN.NS,NTPC Green Energy Ltd.,Power,"['NIFTY500', 'NIFTY200', 'NIFTYTOTALMARKET', 'NIFTYMIDCAP150']",[]
NUVAMA.NS,Nuvama Wealth Management Ltd.,Financial Services,"['NIFTY500', 'NIFTYTOTALMARKET', 'NIFTYSMALLCAP100']",[]
NUVOCO.NS,Nuvoco Vistas Corporation Ltd.,Construction Materials,"['NIFTY500', 'NIFTYTOTALMARKET']",['NIFTY_CEMENT']
NYKAA.NS,FSN E-Commerce Ventures Ltd.,Consumer Services,"['NIFTY500', 'NIFTY200', 'NIFTYTOTALMARKET', 'NIFTYMIDCAP150']",[]
OBEROIRLTY.NS,Oberoi Realty Ltd.,Realty,"['NIFTY500', 'NIFTY200', 'NIFTYTOTALMARKET', 'NIFTYMIDCAP150']",['NIFTY_REALTY']
OFSS.NS,Oracle Financial Services Software Ltd.,Information Technology,"['NIFTY500', 'NIFTY200', 'NIFTYTOTALMARKET', 'NIFTYMIDCAP150']",['NIFTY_IT']
OIL.NS,Oil India Ltd.,Oil Gas & Consumable Fuels,"['NIFTY500', 'NIFTY200', 'NIFTYTOTALMARKET', 'NIFTYMIDCAP150']",['NIFTY_OILANDGAS']
OLAELEC.NS,Ola Electric Mobility Ltd.,Automobile and Auto Components,"['NIFTY500', 'NIFTYTOTALMARKET', 'NIFTYSMALLCAP100']",[]
OLECTRA.NS,Olectra Greentech Ltd.,Automobile and Auto Components,"['NIFTY500', 'NIFTYTOTALMARKET']",[]
ONESOURCE.NS,Onesource Specialty Pharma Ltd.,Healthcare,"['NIFTY500', 'NIFTYTOTALMARKET']",[]
ONGC.NS,Oil & Natural Gas Corporation Ltd.,Oil Gas & Consumable Fuels,"['NIFTY200', 'NIFTY50', 'NIFTY100', 'NIFTYTOTALMARKET', 'NIFTY500']",['NIFTY_OILANDGAS']
OPTIEMUS.NS,Optiemus Infracom Ltd.,Telecommunication,['NIFTYTOTALMARKET'],[]
ORCHPHARMA.NS,Orchid Pharma Ltd.,Healthcare,['NIFTYTOTALMARKET'],[]
ORIENTCEM.NS,Orient Cement Ltd.,Construction Materials,['NIFTYTOTALMARKET'],['NIFTY_CEMENT']
OSWALPUMPS.NS,Oswal Pumps Ltd.,Capital Goods,['NIFTYTOTALMARKET'],[]
PAGEIND.NS,Page Industries Ltd.,Textiles,"['NIFTY500', 'NIFTY200', 'NIFTYTOTALMARKET', 'NIFTYMIDCAP150']",[]
PARADEEP.NS,Paradeep Phosphates Ltd.,Chemicals,['NIFTYTOTALMARKET'],[]
PARAS.NS,Paras Defence and Space Technologies Ltd.,Capital Goods,['NIFTYTOTALMARKET'],[]
PARKHOTELS.NS,Apeejay Surrendra Park Hotels Ltd.,Consumer Services,['NIFTYTOTALMARKET'],[]
PATANJALI.NS,Patanjali Foods Ltd.,Fast Moving Consumer Goods,"['NIFTY500', 'NIFTY200', 'NIFTYTOTALMARKET', 'NIFTYMIDCAP150']",['NIFTY_FMCG']
PATELENG.NS,Patel Engineering Ltd.,Construction,['NIFTYTOTALMARKET'],[]
PAYTM.NS,One 97 Communications Ltd.,Financial Services,"['NIFTY500', 'NIFTY200', 'NIFTYTOTALMARKET', 'NIFTYMIDCAP150']",[]
PCBL.NS,PCBL Chemical Ltd.,Chemicals,"['NIFTY500', 'NIFTYTOTALMARKET', 'NIFTYSMALLCAP100']",['NIFTY_CHEMICALS']
PCJEWELLER.NS,PC Jeweller Ltd.,Consumer Durables,['NIFTYTOTALMARKET'],[]
PERSISTENT.NS,Persistent Systems Ltd.,Information Technology,"['NIFTY500', 'NIFTY200', 'NIFTYTOTALMARKET', 'NIFTYMIDCAP150']",['NIFTY_IT']
PETRONET.NS,Petronet LNG Ltd.,Oil Gas & Consumable Fuels,"['NIFTY500', 'NIFTYTOTALMARKET', 'NIFTYMIDCAP150']",['NIFTY_OILANDGAS']
PFC.NS,Power Finance Corporation Ltd.,Financial Services,"['NIFTY200', 'NIFTY100', 'NIFTYTOTALMARKET', 'NIFTYNEXT50', 'NIFTY500']","['NIFTY_FINANCIAL_SERVICES', 'NIFTY_FINANCIAL_SERVICES25-50LIST']"
PFIZER.NS,Pfizer Ltd.,Healthcare,"['NIFTY500', 'NIFTYTOTALMARKET']",[]
PFOCUS.NS,Prime Focus Ltd,Media Entertainment & Publication,[],['NIFTY_MEDIA']
PGEL.NS,PG Electroplast Ltd.,Consumer Durables,"['NIFTY500', 'NIFTYTOTALMARKET', 'NIFTYSMALLCAP100']",['NIFTY_CONSUMER_DURABLES']
PGHH.NS,Procter & Gamble Hygiene & Health Care Ltd.,Fast Moving Consumer Goods,"['NIFTY500', 'NIFTYTOTALMARKET', 'NIFTYMIDCAP150']",[]
PGIL.NS,Pearl Global Industries Ltd.,Textiles,['NIFTYTOTALMARKET'],[]
PHOENIXLTD.NS,Phoenix Mills Ltd.,Realty,"['NIFTY500', 'NIFTY200', 'NIFTYTOTALMARKET', 'NIFTYMIDCAP150']",['NIFTY_REALTY']
PIDILITIND.NS,Pidilite Industries Ltd.,Chemicals,"['NIFTY200', 'NIFTY100', 'NIFTYTOTALMARKET', 'NIFTYNEXT50', 'NIFTY500']",['NIFTY_CHEMICALS']
PIIND.NS,PI Industries Ltd.,Chemicals,"['NIFTY500', 'NIFTY200', 'NIFTYTOTALMARKET', 'NIFTYMIDCAP150']",['NIFTY_CHEMICALS']
PNB.NS,Punjab National Bank,Financial Services,"['NIFTY200', 'NIFTY100', 'NIFTYTOTALMARKET', 'NIFTYNEXT50', 'NIFTY500']","['NIFTY_PSUBANK', 'NIFTY_BANK']"
PNBHOUSING.NS,PNB Housing Finance Ltd.,Financial Services,"['NIFTY500', 'NIFTYTOTALMARKET', 'NIFTYSMALLCAP100']",[]
PNCINFRA.NS,PNC Infratech Ltd.,Construction,['NIFTYTOTALMARKET'],[]
PNGJL.NS,P N Gadgil Jewellers Ltd.,Consumer Durables,['NIFTYTOTALMARKET'],[]
POLICYBZR.NS,PB Fintech Ltd.,Financial Services,"['NIFTY500', 'NIFTY200', 'NIFTYTOTALMARKET', 'NIFTYMIDCAP150']",[]
POLYCAB.NS,Polycab India Ltd.,Capital Goods,"['NIFTY500', 'NIFTY200', 'NIFTYTOTALMARKET', 'NIFTYMIDCAP150']",[]
POLYMED.NS,Poly Medicure Ltd.,Healthcare,"['NIFTY500', 'NIFTYTOTALMARKET']",[]
POLYPLEX.NS,Polyplex Corporation Ltd.,Capital Goods,['NIFTYTOTALMARKET'],[]
POONAWALLA.NS,Poonawalla Fincorp Ltd.,Financial Services,"['NIFTY500', 'NIFTYTOTALMARKET', 'NIFTYSMALLCAP100']",[]
POWERGRID.NS,Power Grid Corporation of India Ltd.,Power,"['NIFTY200', 'NIFTY50', 'NIFTY100', 'NIFTYTOTALMARKET', 'NIFTY500']",[]
POWERINDIA.NS,Hitachi Energy India Ltd.,Capital Goods,"['NIFTY500', 'NIFTY200', 'NIFTYTOTALMARKET', 'NIFTYMIDCAP150']",[]
POWERMECH.NS,Power Mech Projects Ltd.,Construction,['NIFTYTOTALMARKET'],[]
PPLPHARMA.NS,Piramal Pharma Ltd.,Healthcare,"['NIFTY500', 'NIFTYTOTALMARKET', 'NIFTYSMALLCAP100']","['NIFTY_HEALTHCARE', 'NIFTY_PHARMA']"
PRAJIND.NS,Praj Industries Ltd.,Capital Goods,"['NIFTY500', 'NIFTYTOTALMARKET']",[]
PREMIERENE.NS,Premier Energies Ltd.,Capital Goods,"['NIFTY500', 'NIFTY200', 'NIFTYTOTALMARKET', 'NIFTYMIDCAP150']",[]
PRESTIGE.NS,Prestige Estates Projects Ltd.,Realty,"['NIFTY500', 'NIFTY200', 'NIFTYTOTALMARKET', 'NIFTYMIDCAP150']",['NIFTY_REALTY']
PRICOLLTD.NS,Pricol Ltd.,Automobile and Auto Components,['NIFTYTOTALMARKET'],[]
PRINCEPIPE.NS,Prince Pipes and Fittings Ltd.,Capital Goods,['NIFTYTOTALMARKET'],[]
PRIVISCL.NS,Privi Speciality Chemicals Ltd.,Chemicals,['NIFTYTOTALMARKET'],[]
PRSMJOHNSN.NS,Prism Johnson Ltd.,Construction Materials,['NIFTYTOTALMARKET'],['NIFTY_CEMENT']
PRUDENT.NS,Prudent Corporate Advisory Services Ltd.,Financial Services,['NIFTYTOTALMARKET'],[]
PSB.NS,Punjab & Sind Bank,Financial Services,[],['NIFTY_PSUBANK']
PTC.NS,PTC India Ltd.,Power,['NIFTYTOTALMARKET'],[]
PTCIL.NS,PTC Industries Ltd.,Capital Goods,"['NIFTY500', 'NIFTYTOTALMARKET']",[]
PURVA.NS,Puravankara Ltd.,Realty,['NIFTYTOTALMARKET'],[]
PVRINOX.NS,PVR INOX Ltd.,Media Entertainment & Publication,"['NIFTY500', 'NIFTYTOTALMARKET']",['NIFTY_MEDIA']
QUESS.NS,Quess Corp Ltd.,Services,['NIFTYTOTALMARKET'],[]
RADICO.NS,Radico Khaitan Ltd,Fast Moving Consumer Goods,"['NIFTY500', 'NIFTYTOTALMARKET', 'NIFTYSMALLCAP100']",['NIFTY_FMCG']
RAILTEL.NS,Railtel Corporation Of India Ltd.,Telecommunication,"['NIFTY500', 'NIFTYTOTALMARKET']",[]
RAIN.NS,Rain Industries Ltd,Chemicals,['NIFTYTOTALMARKET'],[]
RAINBOW.NS,Rainbow Childrens Medicare Ltd.,Healthcare,"['NIFTY500', 'NIFTYTOTALMARKET']",[]
RALLIS.NS,Rallis India Ltd.,Chemicals,['NIFTYTOTALMARKET'],[]
RAMCOCEM.NS,The Ramco Cements Ltd.,Construction Materials,"['NIFTY500', 'NIFTYTOTALMARKET', 'NIFTYSMALLCAP100']",['NIFTY_CEMENT']
RATEGAIN.NS,Rategain Travel Technologies Ltd.,Information Technology,['NIFTYTOTALMARKET'],[]
RATNAMANI.NS,Ratnamani Metals & Tubes Ltd.,Capital Goods,['NIFTYTOTALMARKET'],[]
RAYMONDLSL.NS,Raymond Lifestyle Ltd.,Textiles,['NIFTYTOTALMARKET'],[]
RBA.NS,Restaurant Brands Asia Ltd.,Consumer Services,['NIFTYTOTALMARKET'],[]
RBLBANK.NS,RBL Bank Ltd.,Financial Services,"['NIFTY500', 'NIFTYTOTALMARKET']",['NIFTY_PRIVATEBANK']
RCF.NS,Rashtriya Chemicals & Fertilizers Ltd.,Chemicals,"['NIFTY500', 'NIFTYTOTALMARKET']",[]
RECLTD.NS,REC Ltd.,Financial Services,"['NIFTY200', 'NIFTY100', 'NIFTYTOTALMARKET', 'NIFTYNEXT50', 'NIFTY500']","['NIFTY_FINANCIAL_SERVICES', 'NIFTY_FINANCIAL_SERVICES25-50LIST']"
REDINGTON.NS,Redington Ltd.,Services,"['NIFTY500', 'NIFTYTOTALMARKET', 'NIFTYSMALLCAP100']",[]
REFEX.NS,Refex Industries Ltd.,Chemicals,['NIFTYTOTALMARKET'],[]
RELAXO.NS,Relaxo Footwears Ltd.,Consumer Durables,['NIFTYTOTALMARKET'],[]
RELIANCE.NS,Reliance Industries Ltd.,Oil Gas & Consumable Fuels,"['NIFTY200', 'NIFTY50', 'NIFTY100', 'NIFTYTOTALMARKET', 'NIFTY500']",['NIFTY_OILANDGAS']
RELIGARE.NS,Religare Enterprises Ltd.,Financial Services,['NIFTYTOTALMARKET'],[]
RELINFRA.NS,Reliance Infrastructure Ltd.,Power,"['NIFTY500', 'NIFTYTOTALMARKET']",[]
RENUKA.NS,Shree Renuka Sugars Ltd.,Fast Moving Consumer Goods,['NIFTYTOTALMARKET'],[]
RHIM.NS,RHI MAGNESITA INDIA LTD.,Capital Goods,"['NIFTY500', 'NIFTYTOTALMARKET']",[]
RITES.NS,RITES Ltd.,Construction,"['NIFTY500', 'NIFTYTOTALMARKET']",[]
RKFORGE.NS,Ramkrishna Forgings Ltd.,Automobile and Auto Components,"['NIFTY500', 'NIFTYTOTALMARKET']",[]
ROUTE.NS,Route Mobile Ltd.,Telecommunication,['NIFTYTOTALMARKET'],[]
RPOWER.NS,Reliance Power Ltd.,Power,"['NIFTY500', 'NIFTYTOTALMARKET', 'NIFTYSMALLCAP100']",[]
RRKABEL.NS,R R Kabel Ltd.,Capital Goods,"['NIFTY500', 'NIFTYTOTALMARKET']",[]
RTNINDIA.NS,RattanIndia Enterprises Ltd.,Consumer Services,['NIFTYTOTALMARKET'],[]
RTNPOWER.NS,RattanIndia Power Ltd.,Power,['NIFTYTOTALMARKET'],[]
RVNL.NS,Rail Vikas Nigam Ltd.,Construction,"['NIFTY500', 'NIFTY200', 'NIFTYTOTALMARKET', 'NIFTYMIDCAP150']",[]
SAFARI.NS,Safari Industries (India) Ltd.,Consumer Durables,['NIFTYTOTALMARKET'],[]
SAGILITY.NS,Sagility Ltd.,Information Technology,"['NIFTY500', 'NIFTYTOTALMARKET', 'NIFTYSMALLCAP100']",[]
SAIL.NS,Steel Authority of India Ltd.,Metals & Mining,"['NIFTY500', 'NIFTY200', 'NIFTYTOTALMARKET', 'NIFTYMIDCAP150']",['NIFTY_METAL']
SAILIFE.NS,Sai Life Sciences Ltd.,Healthcare,"['NIFTY500', 'NIFTYTOTALMARKET']",[]
SAMHI.NS,Samhi Hotels Ltd.,Consumer Services,['NIFTYTOTALMARKET'],[]
SAMMAANCAP.NS,Sammaan Capital Ltd.,Financial Services,"['NIFTY500', 'NIFTYTOTALMARKET']",[]
SANDUMA.NS,Sandur Manganese & Iron Ores Ltd.,Oil Gas & Consumable Fuels,['NIFTYTOTALMARKET'],[]
SANOFI.NS,Sanofi India Ltd.,Healthcare,['NIFTYTOTALMARKET'],[]
SANOFICONR.NS,Sanofi Consumer Healthcare India Ltd.,Healthcare,['NIFTYTOTALMARKET'],[]
SANSERA.NS,Sansera Engineering Ltd.,Automobile and Auto Components,['NIFTYTOTALMARKET'],[]
SAPPHIRE.NS,Sapphire Foods India Ltd.,Consumer Services,"['NIFTY500', 'NIFTYTOTALMARKET']",[]
SARDAEN.NS,Sarda Energy and Minerals Ltd.,Metals & Mining,"['NIFTY500', 'NIFTYTOTALMARKET']",[]
SAREGAMA.NS,Saregama India Ltd,Media Entertainment & Publication,"['NIFTY500', 'NIFTYTOTALMARKET']",['NIFTY_MEDIA']
SBFC.NS,SBFC Finance Ltd.,Financial Services,"['NIFTY500', 'NIFTYTOTALMARKET']",[]
SBICARD.NS,SBI Cards and Payment Services Ltd.,Financial Services,"['NIFTY500', 'NIFTY200', 'NIFTYTOTALMARKET', 'NIFTYMIDCAP150']","['NIFTY_FINANCIAL_SERVICES', 'NIFTY_FINANCIAL_SERVICES25-50LIST']"
SBILIFE.NS,SBI Life Insurance Company Ltd.,Financial Services,"['NIFTY200', 'NIFTY50', 'NIFTY100', 'NIFTYTOTALMARKET', 'NIFTY500']","['NIFTY_FINANCIAL_SERVICES', 'NIFTY_FINANCIAL_SERVICES25-50LIST']"
SBIN.NS,State Bank of India,Financial Services,"['NIFTY200', 'NIFTY50', 'NIFTY100', 'NIFTYTOTALMARKET', 'NIFTY500']","['NIFTY_FINANCIAL_SERVICES', 'NIFTY_PSUBANK', 'NIFTY_FINANCIAL_SERVICES25-50LIST', 'NIFTY_BANK']"
SCHAEFFLER.NS,Schaeffler India Ltd.,Automobile and Auto Components,"['NIFTY500', 'NIFTYTOTALMARKET', 'NIFTYMIDCAP150']",[]
SCHNEIDER.NS,Schneider Electric Infrastructure Ltd.,Capital Goods,"['NIFTY500', 'NIFTYTOTALMARKET']",[]
SCI.NS,Shipping Corporation of India Ltd.,Services,"['NIFTY500', 'NIFTYTOTALMARKET']",[]
SENCO.NS,Senco Gold Ltd.,Consumer Durables,['NIFTYTOTALMARKET'],[]
SFL.NS,Sheela Foam Ltd.,Consumer Durables,['NIFTYTOTALMARKET'],[]
SHAILY.NS,Shaily Engineering Plastics Ltd.,Capital Goods,['NIFTYTOTALMARKET'],[]
SHAKTIPUMP.NS,Shakti Pumps (India) Ltd.,Capital Goods,['NIFTYTOTALMARKET'],[]
SHARDACROP.NS,Sharda Cropchem Ltd.,Chemicals,['NIFTYTOTALMARKET'],[]
SHARDAMOTR.NS,Sharda Motor Industries Ltd.,Automobile and Auto Components,['NIFTYTOTALMARKET'],[]
SHAREINDIA.NS,Share India Securities Ltd.,Financial Services,['NIFTYTOTALMARKET'],[]
SHILPAMED.NS,Shilpa Medicare Ltd.,Healthcare,['NIFTYTOTALMARKET'],[]
SHREECEM.NS,Shree Cement Ltd.,Construction Materials,"['NIFTY200', 'NIFTY100', 'NIFTYTOTALMARKET', 'NIFTYNEXT50', 'NIFTY500']",['NIFTY_CEMENT']
SHRIPISTON.NS,Shriram Pistons & Rings Ltd.,Automobile and Auto Components,['NIFTYTOTALMARKET'],[]
SHRIRAMFIN.NS,Shriram Finance Ltd.,Financial Services,"['NIFTY200', 'NIFTY50', 'NIFTY100', 'NIFTYTOTALMARKET', 'NIFTY500']","['NIFTY_FINANCIAL_SERVICES', 'NIFTY_FINANCIAL_SERVICES25-50LIST']"
SHYAMMETL.NS,Shyam Metalics and Energy Ltd.,Capital Goods,"['NIFTY500', 'NIFTYTOTALMARKET', 'NIFTYSMALLCAP100']",[]
SIEMENS.NS,Siemens Ltd.,Capital Goods,"['NIFTY200', 'NIFTY100', 'NIFTYTOTALMARKET', 'NIFTYNEXT50', 'NIFTY500']",[]
SIGNATURE.NS,Signatureglobal (India) Ltd.,Realty,"['NIFTY500', 'NIFTYTOTALMARKET', 'NIFTYSMALLCAP100']",['NIFTY_REALTY']
SJVN.NS,SJVN Ltd.,Power,"['NIFTY500', 'NIFTYTOTALMARKET', 'NIFTYMIDCAP150']",[]
SKIPPER.NS,Skipper Ltd.,Capital Goods,['NIFTYTOTALMARKET'],[]
SKYGOLD.NS,SKY GOLD AND DIAMONDS Ltd.,Consumer Durables,['NIFTYTOTALMARKET'],[]
SOBHA.NS,Sobha Ltd.,Realty,"['NIFTY500', 'NIFTYTOTALMARKET']",['NIFTY_REALTY']
SOLARINDS.NS,Solar Industries India Ltd.,Chemicals,"['NIFTY200', 'NIFTY100', 'NIFTYTOTALMARKET', 'NIFTYNEXT50', 'NIFTY500']",['NIFTY_CHEMICALS']
SONACOMS.NS,Sona BLW Precision Forgings Ltd.,Automobile and Auto Components,"['NIFTY500', 'NIFTY200', 'NIFTYTOTALMARKET', 'NIFTYMIDCAP150']",['NIFTY_AUTO']
SONATSOFTW.NS,Sonata Software Ltd.,Information Technology,"['NIFTY500', 'NIFTYTOTALMARKET']",[]
SOUTHBANK.NS,South Indian Bank Ltd.,Financial Services,['NIFTYTOTALMARKET'],[]
SPARC.NS,Sun Pharma Advanced Research Company Ltd.,Healthcare,['NIFTYTOTALMARKET'],[]
SRF.NS,SRF Ltd.,Chemicals,"['NIFTY500', 'NIFTY200', 'NIFTYTOTALMARKET', 'NIFTYMIDCAP150']",['NIFTY_CHEMICALS']
STAR.NS,Strides Pharma Science Ltd.,Healthcare,['NIFTYTOTALMARKET'],[]
STARCEMENT.NS,Star Cement Ltd.,Construction Materials,['NIFTYTOTALMARKET'],['NIFTY_CEMENT']
STARHEALTH.NS,Star Health and Allied Insurance Company Ltd.,Financial Services,"['NIFTY500', 'NIFTYTOTALMARKET', 'NIFTYSMALLCAP100']",[]
STLTECH.NS,Sterlite Technologies Ltd.,Telecommunication,['NIFTYTOTALMARKET'],[]
STYRENIX.NS,Styrenix Performance Materials Ltd.,Chemicals,['NIFTYTOTALMARKET'],[]
SUBROS.NS,Subros Ltd.,Capital Goods,['NIFTYTOTALMARKET'],[]
SUDARSCHEM.NS,Sudarshan Chemical Industries Ltd.,Chemicals,['NIFTYTOTALMARKET'],[]
SUMICHEM.NS,Sumitomo Chemical India Ltd.,Chemicals,"['NIFTY500', 'NIFTYTOTALMARKET']",['NIFTY_CHEMICALS']
SUNDARMFIN.NS,Sundaram Finance Ltd.,Financial Services,"['NIFTY500', 'NIFTYTOTALMARKET', 'NIFTYMIDCAP150']",[]
SUNDRMFAST.NS,Sundram Fasteners Ltd.,Automobile and Auto Components,"['NIFTY500', 'NIFTYTOTALMARKET']",[]
SUNFLAG.NS,Sunflag Iron & Steel Company Ltd.,Capital Goods,['NIFTYTOTALMARKET'],[]
SUNPHARMA.NS,Sun Pharmaceutical Industries Ltd.,Healthcare,"['NIFTY200', 'NIFTY50', 'NIFTY100', 'NIFTYTOTALMARKET', 'NIFTY500']","['NIFTY_HEALTHCARE', 'NIFTY_PHARMA']"
SUNTECK.NS,Sunteck Realty Ltd.,Realty,['NIFTYTOTALMARKET'],[]
SUNTV.NS,Sun TV Network Ltd.,Media Entertainment & Publication,"['NIFTY500', 'NIFTYTOTALMARKET']",['NIFTY_MEDIA']
SUPREMEIND.NS,Supreme Industries Ltd.,Capital Goods,"['NIFTY500', 'NIFTY200', 'NIFTYTOTALMARKET', 'NIFTYMIDCAP150']",[]
SUPRIYA.NS,Supriya Lifescience Ltd.,Healthcare,['NIFTYTOTALMARKET'],[]
SURYAROSNI.NS,Surya Roshni Ltd.,Capital Goods,['NIFTYTOTALMARKET'],[]
SUZLON.NS,Suzlon Energy Ltd.,Capital Goods,"['NIFTY500', 'NIFTY200', 'NIFTYTOTALMARKET', 'NIFTYMIDCAP150']",[]
SWANCORP.NS,Swan Corp Ltd.,Chemicals,"['NIFTY500', 'NIFTYTOTALMARKET', 'NIFTYSMALLCAP100']",[]
SWIGGY.NS,Swiggy Ltd.,Consumer Services,"['NIFTY500', 'NIFTY200', 'NIFTYTOTALMARKET', 'NIFTYMIDCAP150']",[]
SWSOLAR.NS,Sterling and Wilson Renewable Energy Ltd.,Construction,['NIFTYTOTALMARKET'],[]
SYMPHONY.NS,Symphony Ltd.,Consumer Durables,['NIFTYTOTALMARKET'],[]
SYNGENE.NS,Syngene International Ltd.,Healthcare,"['NIFTY500', 'NIFTYTOTALMARKET', 'NIFTYMIDCAP150']",['NIFTY_HEALTHCARE']
SYRMA.NS,Syrma SGS Technology Ltd.,Capital Goods,"['NIFTY500', 'NIFTYTOTALMARKET']",[]
TANLA.NS,Tanla Platforms Ltd.,Information Technology,['NIFTYTOTALMARKET'],[]
TARC.NS,TARC Ltd.,Realty,['NIFTYTOTALMARKET'],[]
TARIL.NS,Transformers And Rectifiers (India) Ltd.,Capital Goods,"['NIFTY500', 'NIFTYTOTALMARKET']",[]
TATACHEM.NS,Tata Chemicals Ltd.,Chemicals,"['NIFTY500', 'NIFTYTOTALMARKET', 'NIFTYSMALLCAP100']",['NIFTY_CHEMICALS']
TATACOMM.NS,Tata Communications Ltd.,Telecommunication,"['NIFTY500', 'NIFTY200', 'NIFTYTOTALMARKET', 'NIFTYMIDCAP150']",[]
TATACONSUM.NS,Tata Consumer Products Ltd.,Fast Moving Consumer Goods,"['NIFTY200', 'NIFTY50', 'NIFTY100', 'NIFTYTOTALMARKET', 'NIFTY500']",['NIFTY_FMCG']
TATAELXSI.NS,Tata Elxsi Ltd.,Information Technology,"['NIFTY500', 'NIFTY200', 'NIFTYTOTALMARKET', 'NIFTYMIDCAP150']",[]
TATAINVEST.NS,Tata Investment Corporation Ltd.,Financial Services,"['NIFTY500', 'NIFTYTOTALMARKET', 'NIFTYMIDCAP150']",[]
TATAPOWER.NS,Tata Power Co. Ltd.,Power,"['NIFTY200', 'NIFTY100', 'NIFTYTOTALMARKET', 'NIFTYNEXT50', 'NIFTY500']",[]
TATASTEEL.NS,Tata Steel Ltd.,Metals & Mining,"['NIFTY200', 'NIFTY50', 'NIFTY100', 'NIFTYTOTALMARKET', 'NIFTY500']",['NIFTY_METAL']
TATATECH.NS,Tata Technologies Ltd.,Information Technology,"['NIFTY500', 'NIFTY200', 'NIFTYTOTALMARKET', 'NIFTYMIDCAP150']",[]
TBOTEK.NS,TBO Tek Ltd.,Consumer Services,"['NIFTY500', 'NIFTYTOTALMARKET']",[]
TCS.NS,Tata Consultancy Services Ltd.,Information Technology,"['NIFTY200', 'NIFTY50', 'NIFTY100', 'NIFTYTOTALMARKET', 'NIFTY500']",['NIFTY_IT']
TDPOWERSYS.NS,TD Power Systems Ltd.,Capital Goods,['NIFTYTOTALMARKET'],[]
TEAMLEASE.NS,Teamlease Services Ltd.,Services,['NIFTYTOTALMARKET'],[]
TECHM.NS,Tech Mahindra Ltd.,Information Technology,"['NIFTY200', 'NIFTY50', 'NIFTY100', 'NIFTYTOTALMARKET', 'NIFTY500']",['NIFTY_IT']
TECHNOE.NS,Techno Electric & Engineering Company Ltd.,Construction,"['NIFTY500', 'NIFTYTOTALMARKET']",[]
TEGA.NS,Tega Industries Ltd.,Capital Goods,['NIFTYTOTALMARKET'],[]
TEJASNET.NS,Tejas Networks Ltd.,Telecommunication,"['NIFTY500', 'NIFTYTOTALMARKET', 'NIFTYSMALLCAP100']",[]
TEXRAIL.NS,Texmaco Rail & Eng. Ltd.,Capital Goods,['NIFTYTOTALMARKET'],[]
THANGAMAYL.NS,Thangamayil Jewellery Ltd.,Consumer Durables,['NIFTYTOTALMARKET'],[]
THELEELA.NS,Leela Palaces Hotels & Resorts Ltd.,Consumer Services,"['NIFTY500', 'NIFTYTOTALMARKET']",[]
THERMAX.NS,Thermax Ltd.,Capital Goods,"['NIFTY500', 'NIFTYTOTALMARKET', 'NIFTYMIDCAP150']",[]
THOMASCOOK.NS,Thomas Cook (India) Ltd.,Consumer Services,['NIFTYTOTALMARKET'],[]
THYROCARE.NS,Thyrocare Technologies Ltd.,Healthcare,['NIFTYTOTALMARKET'],[]
TI.NS,Tilaknagar Industries Ltd.,Fast Moving Consumer Goods,['NIFTYTOTALMARKET'],[]
TIINDIA.NS,Tube Investments of India Ltd.,Automobile and Auto Components,"['NIFTY500', 'NIFTY200', 'NIFTYTOTALMARKET', 'NIFTYMIDCAP150']",['NIFTY_AUTO']
TIMETECHNO.NS,Time Technoplast Ltd.,Capital Goods,['NIFTYTOTALMARKET'],[]
TIMKEN.NS,Timken India Ltd.,Capital Goods,"['NIFTY500', 'NIFTYTOTALMARKET']",[]
TIPSMUSIC.NS,Tips Music Ltd.,Media Entertainment & Publication,['NIFTYTOTALMARKET'],['NIFTY_MEDIA']
TITAGARH.NS,Titagarh Rail Systems Ltd.,Capital Goods,"['NIFTY500', 'NIFTYTOTALMARKET']",[]
TITAN.NS,Titan Company Ltd.,Consumer Durables,"['NIFTY200', 'NIFTY50', 'NIFTY100', 'NIFTYTOTALMARKET', 'NIFTY500']",['NIFTY_CONSUMER_DURABLES']
TMPV.NS,Tata Motors Passenger Vehicles Ltd.,Automobile and Auto Components,"['NIFTY200', 'NIFTY50', 'NIFTY100', 'NIFTYTOTALMARKET', 'NIFTY500']",['NIFTY_AUTO']
TORNTPHARM.NS,Torrent Pharmaceuticals Ltd.,Healthcare,"['NIFTY200', 'NIFTY100', 'NIFTYTOTALMARKET', 'NIFTYNEXT50', 'NIFTY500']","['NIFTY_HEALTHCARE', 'NIFTY_PHARMA']"
TORNTPOWER.NS,Torrent Power Ltd.,Power,"['NIFTY500', 'NIFTY200', 'NIFTYTOTALMARKET', 'NIFTYMIDCAP150']",[]
TRANSRAILL.NS,Transrail Lighting Ltd.,Capital Goods,['NIFTYTOTALMARKET'],[]
TRENT.NS,Trent Ltd.,Consumer Services,"['NIFTY200', 'NIFTY50', 'NIFTY100', 'NIFTYTOTALMARKET', 'NIFTY500']",[]
TRIDENT.NS,Trident Ltd.,Textiles,"['NIFTY500', 'NIFTYTOTALMARKET', 'NIFTYSMALLCAP100']",[]
TRITURBINE.NS,Triveni Turbine Ltd.,Capital Goods,"['NIFTY500', 'NIFTYTOTALMARKET', 'NIFTYSMALLCAP100']",[]
TRIVENI.NS,Triveni Engineering & Industries Ltd.,Fast Moving Consumer Goods,"['NIFTY500', 'NIFTYTOTALMARKET']",[]
TSFINV.NS,TSF Investments Ltd.,Financial Services,['NIFTYTOTALMARKET'],[]
TTML.NS,Tata Teleservices (Maharashtra) Ltd.,Telecommunication,"['NIFTY500', 'NIFTYTOTALMARKET']",[]
TVSMOTOR.NS,TVS Motor Company Ltd.,Automobile and Auto Components,"['NIFTY200', 'NIFTY100', 'NIFTYTOTALMARKET', 'NIFTYNEXT50', 'NIFTY500']",['NIFTY_AUTO']
TVSSCS.NS,TVS Supply Chain Solutions Ltd.,Services,['NIFTYTOTALMARKET'],[]
UBL.NS,United Breweries Ltd.,Fast Moving Consumer Goods,"['NIFTY500', 'NIFTYTOTALMARKET', 'NIFTYMIDCAP150']",['NIFTY_FMCG']
UCOBANK.NS,UCO Bank,Financial Services,"['NIFTY500', 'NIFTYTOTALMARKET', 'NIFTYMIDCAP150']",['NIFTY_PSUBANK']
UJJIVANSFB.NS,Ujjivan Small Finance Bank Ltd.,Financial Services,['NIFTYTOTALMARKET'],[]
ULTRACEMCO.NS,UltraTech Cement Ltd.,Construction Materials,"['NIFTY200', 'NIFTY50', 'NIFTY100', 'NIFTYTOTALMARKET', 'NIFTY500']",['NIFTY_CEMENT']
UNIMECH.NS,Unimech Aerospace and Manufacturing Ltd.,Capital Goods,['NIFTYTOTALMARKET'],[]
UNIONBANK.NS,Union Bank of India,Financial Services,"['NIFTY500', 'NIFTY200', 'NIFTYTOTALMARKET', 'NIFTYMIDCAP150']","['NIFTY_PSUBANK', 'NIFTY_BANK']"
UNITDSPR.NS,United Spirits Ltd.,Fast Moving Consumer Goods,"['NIFTY200', 'NIFTY100', 'NIFTYTOTALMARKET', 'NIFTYNEXT50', 'NIFTY500']",['NIFTY_FMCG']
UNOMINDA.NS,UNO Minda Ltd.,Automobile and Auto Components,"['NIFTY500', 'NIFTYTOTALMARKET', 'NIFTYMIDCAP150']",['NIFTY_AUTO']
UPL.NS,UPL Ltd.,Chemicals,"['NIFTY500', 'NIFTY200', 'NIFTYTOTALMARKET', 'NIFTYMIDCAP150']",['NIFTY_CHEMICALS']
USHAMART.NS,Usha Martin Ltd.,Capital Goods,"['NIFTY500', 'NIFTYTOTALMARKET']",[]
UTIAMC.NS,UTI Asset Management Company Ltd.,Financial Services,"['NIFTY500', 'NIFTYTOTALMARKET']",[]
V2RETAIL.NS,V2 Retail Ltd.,Consumer Services,['NIFTYTOTALMARKET'],[]
VAIBHAVGBL.NS,Vaibhav Global Ltd.,Consumer Durables,['NIFTYTOTALMARKET'],[]
VARROC.NS,Varroc Engineering Ltd.,Automobile and Auto Components,['NIFTYTOTALMARKET'],[]
VBL.NS,Varun Beverages Ltd.,Fast Moving Consumer Goods,"['NIFTY200', 'NIFTY100', 'NIFTYTOTALMARKET', 'NIFTYNEXT50', 'NIFTY500']",['NIFTY_FMCG']
VEDL.NS,Vedanta Ltd.,Metals & Mining,"['NIFTY200', 'NIFTY100', 'NIFTYTOTALMARKET', 'NIFTYNEXT50', 'NIFTY500']",['NIFTY_METAL']
VENTIVE.NS,Ventive Hospitality Ltd.,Consumer Services,"['NIFTY500', 'NIFTYTOTALMARKET']",[]
VESUVIUS.NS,Vesuvius India Ltd.,Capital Goods,['NIFTYTOTALMARKET'],[]
VGUARD.NS,V-Guard Industries Ltd.,Consumer Durables,"['NIFTY500', 'NIFTYTOTALMARKET']",['NIFTY_CONSUMER_DURABLES']
VIJAYA.NS,Vijaya Diagnostic Centre Ltd.,Healthcare,"['NIFTY500', 'NIFTYTOTALMARKET']",[]
VINATIORGA.NS,Vinati Organics Ltd.,Chemicals,['NIFTYTOTALMARKET'],[]
VIPIND.NS,V.I.P. Industries Ltd.,Consumer Durables,['NIFTYTOTALMARKET'],[]
VIYASH.NS,Viyash Scientific Ltd.,Healthcare,['NIFTYTOTALMARKET'],[]
VMART.NS,V-Mart Retail Ltd.,Consumer Services,['NIFTYTOTALMARKET'],[]
VMM.NS,Vishal Mega Mart Ltd.,Consumer Services,"['NIFTY500', 'NIFTY200', 'NIFTYTOTALMARKET', 'NIFTYMIDCAP150']",[]
VOLTAMP.NS,Voltamp Transformers Ltd,Capital Goods,['NIFTYTOTALMARKET'],[]
VOLTAS.NS,Voltas Ltd.,Consumer Durables,"['NIFTY500', 'NIFTY200', 'NIFTYTOTALMARKET', 'NIFTYMIDCAP150']",['NIFTY_CONSUMER_DURABLES']
VSTIND.NS,VST Industries Ltd.,Fast Moving Consumer Goods,['NIFTYTOTALMARKET'],[]
VTL.NS,Vardhman Textiles Ltd.,Textiles,"['NIFTY500', 'NIFTYTOTALMARKET']",[]
WAAREEENER.NS,Waaree Energies Ltd.,Capital Goods,"['NIFTY500', 'NIFTY200', 'NIFTYTOTALMARKET', 'NIFTYMIDCAP150']",[]
WAAREERTL.NS,Waaree Renewable Technologies Ltd.,Capital Goods,['NIFTYTOTALMARKET'],[]
WABAG.NS,Va Tech Wabag Ltd.,Utilities,['NIFTYTOTALMARKET'],[]
WEBELSOLAR.NS,Websol Energy System Ltd.,Capital Goods,['NIFTYTOTALMARKET'],[]
WELCORP.NS,Welspun Corp Ltd.,Capital Goods,"['NIFTY500', 'NIFTYTOTALMARKET', 'NIFTYSMALLCAP100']",['NIFTY_METAL']
WELENT.NS,Welspun Enterprises Ltd.,Construction,['NIFTYTOTALMARKET'],[]
WELSPUNLIV.NS,Welspun Living Ltd.,Textiles,"['NIFTY500', 'NIFTYTOTALMARKET']",[]
WESTLIFE.NS,Westlife Foodworld Ltd.,Consumer Services,['NIFTYTOTALMARKET'],[]
WHIRLPOOL.NS,Whirlpool of India Ltd.,Consumer Durables,"['NIFTY500', 'NIFTYTOTALMARKET', 'NIFTYSMALLCAP100']",['NIFTY_CONSUMER_DURABLES']
WIPRO.NS,Wipro Ltd.,Information Technology,"['NIFTY200', 'NIFTY50', 'NIFTY100', 'NIFTYTOTALMARKET', 'NIFTY500']",['NIFTY_IT']
WOCKPHARMA.NS,Wockhardt Ltd.,Healthcare,"['NIFTY500', 'NIFTYTOTALMARKET', 'NIFTYSMALLCAP100']",['NIFTY_PHARMA']
YATHARTH.NS,Yatharth Hospital & Trauma Care Services Ltd.,Healthcare,['NIFTYTOTALMARKET'],[]
YESBANK.NS,Yes Bank Ltd.,Financial Services,"['NIFTY500', 'NIFTY200', 'NIFTYTOTALMARKET', 'NIFTYMIDCAP150']","['NIFTY_PRIVATEBANK', 'NIFTY_BANK']"
ZAGGLE.NS,Zaggle Prepaid Ocean Services Ltd.,Information Technology,['NIFTYTOTALMARKET'],[]
ZEEL.NS,Zee Entertainment Enterprises Ltd.,Media Entertainment & Publication,"['NIFTY500', 'NIFTYTOTALMARKET']",['NIFTY_MEDIA']
ZENSARTECH.NS,Zensar Technolgies Ltd.,Information Technology,"['NIFTY500', 'NIFTYTOTALMARKET', 'NIFTYSMALLCAP100']",[]
ZENTEC.NS,Zen Technologies Ltd.,Capital Goods,"['NIFTY500', 'NIFTYTOTALMARKET', 'NIFTYSMALLCAP100']",[]
ZFCVINDIA.NS,ZF Commercial Vehicle Control Systems India Ltd.,Automobile and Auto Components,"['NIFTY500', 'NIFTYTOTALMARKET']",[]
ZYDUSLIFE.NS,Zydus Lifesciences Ltd.,Healthcare,"['NIFTY200', 'NIFTY100', 'NIFTYTOTALMARKET', 'NIFTYNEXT50', 'NIFTY500']","['NIFTY_HEALTHCARE', 'NIFTY_PHARMA']"
ZYDUSWELL.NS,Zydus Wellness Ltd.,Fast Moving Consumer Goods,['NIFTYTOTALMARKET'],[]
